{"name":"Neuronal Glow / An audiovisual collab","createdBy":"Julia K. Ponsford and Elgeko","yearCreated":"2020","description":"Neuronal Glow/ An electronic ambient audiovisual collaboration with 3D animation by Elgeko // Music and Video editing by Julia K. Ponsford \n1920 x 1080 \nDuration: 48 seconds","image":"https://ipfs.pixura.io/ipfs/QmSa5zfaDHoiwi7uonFWvyKZXTywyYv33sxjdePnQv3UE4/neuronal_glow_thumbnail.png","media":{"uri":"https://ipfs.pixura.io/ipfs/QmaLef6wQSzfDRDh9WnAh6ePJq19U7GF8DqtQ8qVTTMrPj/Neuronal_glow_loop_FINAL.mp4","dimensions":"1920x1080","size":"49895940","mimeType":"video/mp4"},"tags":["video","mp4","audiovisual","juliakponsford","elgeko","alienarthive","glitch","psychedelic","art","nft","ambient","electronic","dark"]}