{"name":"Ciobo FROG WALK (Distance Series)","createdBy":"cicatriciebaci ","yearCreated":"2018","description":"Ciobo is a NFT-Frog who will walk forever in the Ether #cicatriciebaci is a narrative and interactive project that tells stories of human scars; they are the past wounds, embroidered into your life, experiences that have shaped and empowered you. In sharing your scars and stories with the narrator, we embark on a visual journey of self-discovery and create a new story we can share with the world. The stories unfold together while evoking emotions very personal to each storyteller. www.cicatriciebaci.com","image":"https://ipfs.pixura.io/ipfs/QmRUxyKw6n5vzye4tWGB9v9xxexio62542AyccYJdo52ar/CIOBI_FROG_WALK_SR.gif","media":{"uri":"https://ipfs.pixura.io/ipfs/QmRUxyKw6n5vzye4tWGB9v9xxexio62542AyccYJdo52ar/CIOBI_FROG_WALK_SR.gif","dimensions":"600x600","size":"21071771","mimeType":"image/gif"},"tags":["cicatriciebaci","scarkisses","storyteller","collectible","crypto","cryptoart","frog","digital","distance","road","gif","dialogue","eth","ether","art","dream","story","narrative","portrait","heal"]}