{"name":"日本のコンピューター","createdBy":"Stacy Pants + Annie Stardust + Cory Starfield","yearCreated":"2020","description":"Oh, Japanese computer, where are you taking me? \n\nStacy pants - drawing. Annie Stardust - animation.\nCory Starfield - music ","image":"https://ipfs.pixura.io/ipfs/QmfFYXyTBgfvEDsrm351qyRT6vbZXKhx5ETrLwzFEULNtB/ScreenShot2020-05-14at12.36.55AM.png","media":{"uri":"https://ipfs.pixura.io/ipfs/QmaM5aUD2EBQG6sotwN6Ym26Eu1wAeT7W2bT7suqHE2Nsr/AnimatedGIF-original2.mp4","dimensions":"410x480","size":"2888860","mimeType":"video/mp4"},"tags":["procreate","aftereffects","liveelectronic","collaboration","multimedia"]}