{"name":"redˈSHift","createdBy":"Matthew Thurston","yearCreated":"2020","description":"You'll know when your wavelength is complete.","image":"https://ipfs.pixura.io/ipfs/QmRG9v43Q7Guho2Mbwi2HkEmmX6BFhAo9jxccJYXDQVGPT/redSHift.jpg","media":{"uri":"https://ipfs.pixura.io/ipfs/QmRG9v43Q7Guho2Mbwi2HkEmmX6BFhAo9jxccJYXDQVGPT/redSHift.jpg","dimensions":"4000x5200","size":"5991156","mimeType":"image/jpeg"},"tags":["redshift","Space","SciFi","Minimalism","Animatttic","Purple","Red","Shift","3D","Satisfying"]}