{"name":"Western Ghat Dreams","createdBy":"Shyam Sreevalsan","yearCreated":"2020","description":"I pine for the mountains, and the winding ghat roads. \nI long for the sound of the relentless rain, \nas it falls on my rooftop through the night.\n\nAI Art, GAN generated image loop.","image":"https://ipfs.pixura.io/ipfs/QmSJxWZxdUvs38VPBLVKCfsjhMNDUWRN6vaaXFx1SfAdgD/Capture.JPG","media":{"uri":"https://ipfs.pixura.io/ipfs/QmNM8AppjeTxB4N5nRwyMUgg52LNXXXBbHVzfe5fYLe9eg/WesternGhatDreams.mp4","dimensions":"1656x1024","size":"12044077","mimeType":"video/mp4"},"tags":["AI","Art","GAN","Western","Ghat","Dreams","Generative","Adverserial","Networks","ArtificialIntelligence","Kerala","India","Rain","Monsoon","Green","Blue","Loop","Mountains"]}