{"name":"Tidal","createdBy":"winteagle","yearCreated":"2020","description":"Each of us has our own dream... And this is one of my blue dreams...","image":"https://ipfs.pixura.io/ipfs/QmcbYD62JgFtksvrzVVfQ8nW5KtTt3RjDxvLZfn72pbrG2/Tidal.png","media":{"uri":"https://ipfs.pixura.io/ipfs/QmcbYD62JgFtksvrzVVfQ8nW5KtTt3RjDxvLZfn72pbrG2/Tidal.png","dimensions":"2500x2500","size":"10596973","mimeType":"image/png"},"tags":["Digital","3d","3dArt","Skull","Fantasy","Blue","Spider","Human","Surreal","Dream"]}