{"name":"Rock Solid Biogenic Bible Math Metropolis","createdBy":"Joe Chiappetta","yearCreated":"2020","description":"This artwork started as an ink drawing on a rock from Zuma Beach in Malibu, California. It's an illustration that is part of my Bible Math project which involves a whole lot of science, smart cities, scriptures, faith, and a renewable circular economy. To see the full Bible Math project, go here:  http://joechiappetta.blogspot.com/2020/05/bible-math.html","image":"https://ipfs.pixura.io/ipfs/QmVNn4Wgb5T8HiYxHnh4XBpPPGua5ZCkuHqqxxG9zfNZ2H/RockCity01.gif","media":{"uri":"https://ipfs.pixura.io/ipfs/QmVNn4Wgb5T8HiYxHnh4XBpPPGua5ZCkuHqqxxG9zfNZ2H/RockCity01.gif","dimensions":"3024x3310","size":"20524235","mimeType":"image/gif"},"tags":["science","animation","city","biogenics","sciencefiction","scifi","illustration","faith","Bible","smartcity"]}