{"name":"The Eyes Of Argus","createdBy":"TOMAAS","yearCreated":"2019","description":"The artwork is inspired by the story of Argus Panoptes who to the ancient Greeks, was a giant with a thousand eyes who always kept watch, even in his sleep. This modern version of \"the all-seeing one” plays on the idea of loyalty and the responsible for keeping us safe.","image":"https://ipfs.pixura.io/ipfs/Qmb2AM6QpmscuFpb2dZ4faA36kM2vdsy2k69PwEAu5ffU7/The_Eyes_Of_Argus_By_TOMAAS_fashion_art_photographyTOMAAS.JPG","media":{"uri":"https://ipfs.pixura.io/ipfs/Qmb2AM6QpmscuFpb2dZ4faA36kM2vdsy2k69PwEAu5ffU7/The_Eyes_Of_Argus_By_TOMAAS_fashion_art_photographyTOMAAS.JPG","dimensions":"628x1024","size":"99500","mimeType":"image/jpeg"},"tags":["fashion","beauty","art","TOMAAS"]}