{"name":"Pearls in Love","createdBy":"Goldweard","yearCreated":"2020","description":"A woman made of pearl rests on pink velvet blanket inside an illuminated clam shell, surrounded by pearls with a blue velvet curtain backdrop.","image":"https://ipfs.pixura.io/ipfs/QmdyL4p9b9YL9um9cAxY8Ri2pQAKPNY64XQBxjWSUTqV9g/Pearlsinlove.png","media":{"uri":"https://ipfs.pixura.io/ipfs/QmdyL4p9b9YL9um9cAxY8Ri2pQAKPNY64XQBxjWSUTqV9g/Pearlsinlove.png","dimensions":"3840x2160","size":"12103960","mimeType":"image/png"},"tags":["pearl","love","clam","shell","velvet"]}