{"name":"H2R23052020","createdBy":"H2Random","yearCreated":"2020","description":"A visual abstract binary code open to universal interpretation, that trust in the nature of a surprise outcome and the beauty of this. 1280 × 1280 px 64 frames 8 fps","image":"https://ipfs.pixura.io/ipfs/QmaPcKmGJeHCzZyBMkC7hnG4JdzjGzzdw96DxxV7MRdeve/H2Random23052020.gif","media":{"uri":"https://ipfs.pixura.io/ipfs/QmaPcKmGJeHCzZyBMkC7hnG4JdzjGzzdw96DxxV7MRdeve/H2Random23052020.gif","dimensions":"1280x1280","size":"2186724","mimeType":"image/gif"},"tags":["abstract","animation","binary","blackandwhite","pattern","square","pixel","random","h2random","h2r20","flow","digital","geometric","industrial","urban","nature","graphic","visual","gif","artwork","change","metamodernism","difference","static","8fps"]}