{"name":"Neutrality 2/2 - Chaos","createdBy":"The Ostal Project","yearCreated":"2020","description":"\"Chaos often breeds life, when order breeds habit.\"","image":"https://ipfs.pixura.io/ipfs/QmQjmnHjdLZabzNyfqDS73FXowW1CmNYDq2m9jVKVqR2eC/chaos_thumbnail.jpg","media":{"uri":"https://ipfs.pixura.io/ipfs/QmXW3UQZgmeeSrE1dhJKrHqwWpy41C1k9VqoyupXkM1qG6/chaos.mp4","dimensions":"600x600","size":"11819440","mimeType":"video/mp4"},"tags":["3d","3dart","3danimation","digitalart","animation","chaos","human","life"]}