{"name":"The Djinn","createdBy":"Nils Hansen","yearCreated":"2020","description":"Inspired by the stories of \"Thousand and one Nights\"  //  1920  x 1600 px  // 25 sec\n","image":"https://ipfs.pixura.io/ipfs/QmaKkr9CKQ3HjWdbBAGFLRrgKDSKMmkV8GLQdSuCouNu7G/Djinn.png","media":{"uri":"https://ipfs.pixura.io/ipfs/QmaZxM7kQsVgjRXzTNoA26DM4TfGBhLidRxuF5tqWsLfU6/01_Dschinn_hi_2.mp4","dimensions":"1920x1600","size":"26326578","mimeType":"video/mp4"},"tags":["animation","nft","cryptoart","3d","nilshansen","djinn","bitcoin","digitalart"]}