{"name":"Rock Orchid","createdBy":"Dick Gillman","yearCreated":"2020","description":"Flowers glow in many varied habitats with mathematical precision. Here I have presented a bloom that I interpret as an orchid which has an affinity for a multi-layered and faceted rock.","image":"https://ipfs.pixura.io/ipfs/QmP7SzSu3KPSudiVjCYGHhTUxhsqeyR7cGhVzCbmZMDRi7/Orchid.jpg","media":{"uri":"https://ipfs.pixura.io/ipfs/QmP7SzSu3KPSudiVjCYGHhTUxhsqeyR7cGhVzCbmZMDRi7/Orchid.jpg","dimensions":"3011x3427","size":"2758484","mimeType":"image/jpeg"},"tags":["Rock","Orchid","abstract","flower","affinity"]}