{"name":"Imagination","createdBy":"hisartwork","yearCreated":"2020","description":"\"Reason is the natural order of truth; but imagination is the organ of meaning.\" - C. S. Lewis","image":"https://ipfs.pixura.io/ipfs/QmYJ8dZmSo313finDcypim45bSXG8iypaodB2ugEaNzdwU/Comp_10.gif","media":{"uri":"https://ipfs.pixura.io/ipfs/QmYJ8dZmSo313finDcypim45bSXG8iypaodB2ugEaNzdwU/Comp_10.gif","dimensions":"720x720","size":"21133986","mimeType":"image/gif"},"tags":["imagination","animation","truth","meaning","life","eth","blockchain","bitcoin","crypto","quote","3d","2d","loop","order","chaos"]}