{"name":"Where is my head? Not sure.","createdBy":"Mike Almond","yearCreated":"2020","description":"Up is down? No. But I see you there in the mirror, and you look confused.","image":"https://ipfs.pixura.io/ipfs/QmcTaC8ptHpdeYtW19aYirMZfAeVPYiHSkAaxa4D8FeUbZ/whereismyhead-notsure.jpg","media":{"uri":"https://ipfs.pixura.io/ipfs/QmcTaC8ptHpdeYtW19aYirMZfAeVPYiHSkAaxa4D8FeUbZ/whereismyhead-notsure.jpg","dimensions":"3260x2320","size":"8140243","mimeType":"image/jpeg"},"tags":["GAN","Photography","selfportrait","series"]}