{"name":"102214421.2","createdBy":"VISIONES","yearCreated":"2020","description":"Figure 102214421.2 (Portrait wearing a mask)\ncreated 1.6.2020","image":"https://ipfs.pixura.io/ipfs/QmevbSjrncD8nEYbmqbJc6DoGi1ysjmCb76dWSDR3aSqYE/102214421.2.png","media":{"uri":"https://ipfs.pixura.io/ipfs/QmevbSjrncD8nEYbmqbJc6DoGi1ysjmCb76dWSDR3aSqYE/102214421.2.png","dimensions":"3330x4329","size":"5779389","mimeType":"image/png"},"tags":["visiones","mixedmedia","gliitch","illustration","smartphoneart","visionaryart","portrait","mask","surrealism","retro","psychedelic","symmetry","virtuality","silhouette","png","transparent"]}