{"name":"The Clickbait Candidate","createdBy":"VJ Entter","yearCreated":"2020","description":"Trump and his team of advisors know pretty well that the more images of burning cities on TV, the better for him. That the less said about the Coronavirus and its 100000 deaths in the US, the closer he'll get to re-election. Trump is a master of distraction, he has no plans or solutions for any major issue. \n\n'In fact, Trump benefits not only from the attention and outrage of his supporters, but also that of his opponents. So you already are, in a sense, ‘voting’ for Trump every time you click that link to see what zany antics he’s gotten himself into in today’s episode.' –James Williams ","image":"https://ipfs.pixura.io/ipfs/QmTbvre8QBCSLMLit1oKMKkPuJxAokNyNn9JP6EN76rTEu/SRsquareHires_alt.png","media":{"uri":"https://ipfs.pixura.io/ipfs/QmTbvre8QBCSLMLit1oKMKkPuJxAokNyNn9JP6EN76rTEu/SRsquareHires_alt.png","dimensions":"5600x5600","size":"163130","mimeType":"image/png"},"tags":["pixelart","8bit"]}