{"name":"riot","createdBy":"noahwall","yearCreated":"2020","description":"Stand by.and fight for your rights. Don't loot! Trump is dividing the nation in a time of crisis and he is trying to push military response to civil unrest.","image":"https://ipfs.pixura.io/ipfs/Qmb4Q3YPUtxd5VdPiYJTJdH85mKAAGmP2kxBadD9yH68JQ/riot.gif","media":{"uri":"https://ipfs.pixura.io/ipfs/Qmb4Q3YPUtxd5VdPiYJTJdH85mKAAGmP2kxBadD9yH68JQ/riot.gif","dimensions":"1280x1280","size":"14769000","mimeType":"image/gif"},"tags":["riot","usa","trumpisdump","trumpisprovoking","trumpsplits","trumpdivides","makepeacenotwar","riotloading"]}