{"name":"Ultimate Purpose","createdBy":"WGMeets","yearCreated":"2020","description":"Away from it all, you can hear the wind brushing against its cold walls. It's there were you can think, alone and focused.","image":"https://ipfs.pixura.io/ipfs/QmTCE4WbaL7qbgGDkYpohpYM5rjwctx6aww5BurynuWJfZ/Cuchillos.png","media":{"uri":"https://ipfs.pixura.io/ipfs/QmTCE4WbaL7qbgGDkYpohpYM5rjwctx6aww5BurynuWJfZ/Cuchillos.png","dimensions":"2026x3061","size":"8130425","mimeType":"image/png"},"tags":["WGMeets","Fractal","Abstract","Reflection","Meditation"]}