{"name":"Floral Recollection 3 of 3","createdBy":"mightymoose","yearCreated":"2020","description":"This is the final in a three part series about feelings and thoughts of a simpler time. Remember the simple beauty this life holds.","image":"https://ipfs.pixura.io/ipfs/QmbxYwTMkZ26tUtFaZGcPZa2MEfYXAMBjWZduwkDXKmmP4/FloralRecollection3.gif","media":{"uri":"https://ipfs.pixura.io/ipfs/QmbxYwTMkZ26tUtFaZGcPZa2MEfYXAMBjWZduwkDXKmmP4/FloralRecollection3.gif","dimensions":"1080x1080","size":"14074677","mimeType":"image/gif"},"tags":["gif","floral","simple","flowers"]}