{"name":"Digital ~ S W A M P/ Y2K_FL_no1","createdBy":"Fluff Lord (Tea Strazicic)","yearCreated":"2016","description":"\nDigital ~ S W A M P/\nThis is the first piece in the series called Digital Swamp -  an animated installation piece made in 2016. as farewell to my days of tumblr blogging in the online aesthetic community: The so called ~waves, if you used social media at that time you must remember vaporwave and seapunk!\n","image":"https://ipfs.pixura.io/ipfs/Qmcdw5ifELpUcjusppW8k1QLaf5XXy3nGvJutTKB9792fx/Flufflords_Y2K_no1.jpg","media":{"uri":"https://ipfs.pixura.io/ipfs/Qmcdw5ifELpUcjusppW8k1QLaf5XXy3nGvJutTKB9792fx/Flufflords_Y2K_no1.jpg","dimensions":"1280x1280","size":"498968","mimeType":"image/jpeg"},"tags":["y2k","vaporwave","early","digitalart","swamp","virtualworld","emoji","gallerywork","flufflord","webartist","glossy","3drender","c4d","zbrush","cute","kawaii"]}