{"name":"Emotional Outburst 03: STOICISM","createdBy":"Julia K. Ponsford","yearCreated":"2020","description":"Emotional Outburst 03: STOICISM is the third piece in a psychedelic series depicting a personal range of emotions. 3500 x 4500","image":"https://ipfs.pixura.io/ipfs/QmVZTFCTArKFkTJPWd4n32zmAzXGZfi6JzZNCGbopj3ksY/emotional_outburst3.png","media":{"uri":"https://ipfs.pixura.io/ipfs/QmVZTFCTArKFkTJPWd4n32zmAzXGZfi6JzZNCGbopj3ksY/emotional_outburst3.png","dimensions":"3500x4500","size":"20552335","mimeType":"image/png"},"tags":["art","collage","emotions","stoicism","psychedelic","alienarthive","alienhoney"]}