{"name":"Interstellar Interruption","createdBy":"Ambiguous","yearCreated":"2020","description":"We're just trying to have our lighting ceremony without any interruptions, but shadow man seems to have other plans in mind...","image":"https://ipfs.pixura.io/ipfs/QmNspd36dXABqJyBtn6ip86Z8EDMpXbYzwbTouX2iuPDti/SpaceFite.png","media":{"uri":"https://ipfs.pixura.io/ipfs/QmQWPQDwagXKGXMugph3SpL8u97MJzL7AgnpibukVCuySZ/LightSR.mp4","dimensions":"1920x1080","size":"47993617","mimeType":"video/mp4"},"tags":["Space","BlobParticles","FightScene","Stars"]}