{"name":"Pangolin's revenge","createdBy":"twoclicks","yearCreated":"2020","description":"I suppose with all the lousy treatment they get from humanity, all pangolins dream of revenge. I postulate, that this is THE one that got its wish granted. Moral of the story: if you mess with deep cycles in nature, the results will not be pretty. ","image":"https://ipfs.pixura.io/ipfs/QmVtZTEfwUDpARAfxbqC7FXZbgSZNLPTbRf1TDjmPpLYSg/10_fr.gif","media":{"uri":"https://ipfs.pixura.io/ipfs/QmVtZTEfwUDpARAfxbqC7FXZbgSZNLPTbRf1TDjmPpLYSg/10_fr.gif","dimensions":"1008x798","size":"21103855","mimeType":"image/gif"},"tags":["pangolin","ecology","ecosystem","revenge"]}