{"name":"Covid Morbus","createdBy":"James Fox","yearCreated":"2020","description":"I remember the first time I went out for groceries after Covid19  started to become quite serious. I consider myself relatively rational and level headed, but I was still hit with a profound wave of anxiety and uncertainty, feeling like the virus was all around me. \n\nThis is a macro photograph shot abstractly of how I felt that day. It is an ultra high res 2.5:1 macro shot of miniature printed geometry and flowing pigments. 13500x9000 pixels.","image":"https://ipfs.pixura.io/ipfs/QmSSCYw3bBFBFtm6ir82ZRvJxqXk3YUqdx2xLfe51b1Jk7/CovidMorbus.jpg","media":{"uri":"https://ipfs.pixura.io/ipfs/QmSSCYw3bBFBFtm6ir82ZRvJxqXk3YUqdx2xLfe51b1Jk7/CovidMorbus.jpg","dimensions":"13500x9000","size":"17617692","mimeType":"image/jpeg"},"tags":["photography","macro","pigments","covid19","highres","fear","anxiety"]}