{"name":"The Fountain","createdBy":"number41","yearCreated":"2020","description":"Like all my other pieces, this one describes something that I experienced in my life. \nWithout revealing intimate details, I can say it's about things or feelings that start full of joy, colors, beauty and excitement, and with time deteriorates, fade away, and eventually die.\nThis is about life after all.\nI also wanted to make it a tribute to Pink Floyd's Dark Side Of The Moon cover.","image":"https://ipfs.pixura.io/ipfs/QmaRfRtVGRynQ9fLGgVAbjuSnBbGsKAHMdcXgHmkMuav6b/Prism.jpeg","media":{"uri":"https://ipfs.pixura.io/ipfs/QmaZzVCCq9pdD9Apzxgn7TuX8vYWJBurgDjVEWVbwbKyaL/Prism_LD.mp4","dimensions":"1080x1080","size":"46887762","mimeType":"video/mp4"},"tags":["cryptocollectible","cyberpunk","cryptoart","NFT","vrart","art","animation","design","houdini","pinkfloyd","motiondesign"]}