{"name":"Laughing fit","createdBy":"burst_","yearCreated":"2020","description":"burst_ artwork 46 / Laughing fit: When my girlfriend has a laughing fit it electrifies me and I can't help but laughing myself. We cultivate a daily laughing routine. It is a lot of fun and it is good for your health, you should try it too. LOL. - Pandemic 2020, Digitally modified and animated painting, GIF, 1007 × 1007","image":"https://ipfs.pixura.io/ipfs/QmNSRf3vBHgnVNiyodWZ9ANkHjwrJwbLJ1PaYnEUivUX3X/IMB_VWVwwb.GIF","media":{"uri":"https://ipfs.pixura.io/ipfs/QmNSRf3vBHgnVNiyodWZ9ANkHjwrJwbLJ1PaYnEUivUX3X/IMB_VWVwwb.GIF","dimensions":"1007x1007","size":"33861837","mimeType":"image/gif"},"tags":["laughingfit","laughing","haha","burst_","burst","cryptoart","digitalart","animated","animatedgif","abstract","NFT","painting","animation","fineart"]}