{"name":"Atomic Bomb","createdBy":"@pix","yearCreated":"2020","description":"Exclusively on SuperRare, only 1 Edition to ever exist. A picture is worth a thousand words. A GIF is worth a book worth of words. And art is worth more than an entire library. Portraying Crypto Art at its best.","image":"https://ipfs.pixura.io/ipfs/QmNwHEBDwGDxJXfCeY611LLaJKYgKxmgc6KRvErk3BKDeq/atomicbom.gif","media":{"uri":"https://ipfs.pixura.io/ipfs/QmNwHEBDwGDxJXfCeY611LLaJKYgKxmgc6KRvErk3BKDeq/atomicbom.gif","dimensions":"506x544","size":"49289092","mimeType":"image/gif"},"tags":["atomic","bomb","nuclear","fire","explosion","radiation","hiroshima","nagasaki","pix","digital","art","pixels"]}