{"name":"Bounce","createdBy":"Van Gango","yearCreated":"2020","description":"Mp4 made by playing with interactions, video effects and overlays. Soundtrack made by me.","image":"https://ipfs.pixura.io/ipfs/QmZ5nUA1cT1voWH2qAn1mPoP7iuP9U4euFpfkyheHnjJod/Snapshot_334.png","media":{"uri":"https://ipfs.pixura.io/ipfs/QmY6oXAzC6bv1gdinCQWDig6vjANPGmpfyud4Skx7ptXfh/Bounce.mp4","dimensions":"1920x1080","size":"44490980","mimeType":"video/mp4"},"tags":["NFT","ETH","Ethereum","Cryptoart","Digitalart","Mp4","music","VanGango","Colors","Psychedelic","Abstract"]}