{"name":"Venus","createdBy":"crypt0baby","yearCreated":"2020","description":" After a while I finished designing all my parts, now my sensors have volume and I feel everything more intense. If we meet in a chat room, I can be your digital fantasy. ","image":"https://ipfs.pixura.io/ipfs/QmVeQyXo7MA7jqvPFnzSS6rAAYpVTEYLh3Pkce9siCwCx4/pelada1.png","media":{"uri":"https://ipfs.pixura.io/ipfs/QmYyspeqex6pU91Cx9gEV6gLHEMVENEWncZDEGU2dGsv8D/AnyConv.com__pelada5.glb","dimensions":null,"size":"21528356","mimeType":"model/gltf-binary"},"tags":["DigitalFantasy","MagicEnvironment","3DArt","Render","Crypt0Baby"]}