{"name":"Clod 757: where defeated dreamers live","createdBy":"Fabiano Speziari","yearCreated":"2020","description":"Clod 757 is where defeated dreamers live. All those who have faced life dreaming, but from which they came out defeated. Someone, knowing how to use the dreams of others, hosts them by exchanging them for food, accommodation and fun. We resist, they won't have us.","image":"https://ipfs.pixura.io/ipfs/QmUPM1ebjCpdgRhE7VYe65awUvNdGJ2MvLVdpteDc5bsMW/zolla_757.gif","media":{"uri":"https://ipfs.pixura.io/ipfs/QmUPM1ebjCpdgRhE7VYe65awUvNdGJ2MvLVdpteDc5bsMW/zolla_757.gif","dimensions":"800x800","size":"45297301","mimeType":"image/gif"},"tags":["clod","pixelart","dreams","dreamers","house","pizza","nudes","rooms","bar","cryptoart","nft","fabiano","speziari","fabianospeziari"]}