{"name":"Echoing River","createdBy":"Parrott_ism","yearCreated":"2020","description":"Recursive animation regarding reincarnation and fractal realities. Original music and art by Parrott.ism","image":"https://ipfs.pixura.io/ipfs/QmT5z4vhbDRGTKEq6bty4eNSBmTg4sdoAbFUwbQNTXuP2i/SR_Seamless_recursive_rebirth0110THUMBNAIL.png","media":{"uri":"https://ipfs.pixura.io/ipfs/QmQepdLtCubhN1wauejtxFH6wXp1tF1HjqvyNTonTkHdrZ/Recursivew_AUDIO_1.mp4","dimensions":"2400x3000","size":"25291817","mimeType":"video/mp4"},"tags":["popart","animation","gif","seamless","loop","recursive","reincarnation","religion","spiritual","psychedelic","looping","cinema4d","digitalillustration","2d","3d"]}