{"name":"Disco Waves","createdBy":"Vansdesign","yearCreated":"2020","description":"Digital 3d displaced video loop part of the double drop collaboration series \"Disco Diptych\" with artist Sarah Zucker @thesarahshow ","image":"https://ipfs.pixura.io/ipfs/QmWxBa8ahu7ThYFCCrfMFZpppTETPHJHQuuix1dofWXjqR/DIsco-Waves.gif","media":{"uri":"https://ipfs.pixura.io/ipfs/QmWxBa8ahu7ThYFCCrfMFZpppTETPHJHQuuix1dofWXjqR/DIsco-Waves.gif","dimensions":"750x750","size":"29333546","mimeType":"image/gif"},"tags":["collab","3d","gif","disco","waves","color","digitalart","vansdesign","thesarahshow","vhs","glitch"]}