{"name":"An Uncountable distance of poverty and neon.","createdBy":"Giant Swan","yearCreated":"2020","description":"I then remember watching him from my window, he left exactly the way I told him to until he hit the festival. \"that's the last time I saw our son, I'm sorry\" It took everything in my body to hide the truth of his escape from us, I just hope that in time you see this place for what it really is, Poverty and greed. Maybe then you'll see he's better off on his own.","image":"https://ipfs.pixura.io/ipfs/QmNqpbKF9sASdag8Y8q5Z5hZ2koTF9QWDfp6LCA8hNPiT3/beggaronemoretime-CurrentView.png","media":{"uri":"https://ipfs.pixura.io/ipfs/QmNqpbKF9sASdag8Y8q5Z5hZ2koTF9QWDfp6LCA8hNPiT3/beggaronemoretime-CurrentView.png","dimensions":"4000x2700","size":"25072476","mimeType":"image/png"},"tags":["cyberpunk","vr","3d","vaporwave"]}