{"name":"ˈplazmə","createdBy":"Animatttic","yearCreated":"2020","description":"Touch, intimacy, an emotional bond, the spark . Ensure you make the effort to be physical in somebody’s life, even if that means just going to say hello. Your brain will thank you.\n\n","image":"https://ipfs.pixura.io/ipfs/QmcSwDNENen3rZYftRY8CEfJ4XuBkW4VqnGfFMyUtkKiZM/plazm4.png","media":{"uri":"https://ipfs.pixura.io/ipfs/QmcSwDNENen3rZYftRY8CEfJ4XuBkW4VqnGfFMyUtkKiZM/plazm4.png","dimensions":"2500x2813","size":"10135996","mimeType":"image/png"},"tags":["3D","Animatttic","Minimalist","Contemporary","DigitalArt","Vibrant"]}