{"name":"The incubator of philosophical concept ctrlc ctrlv","createdBy":"francescomai","yearCreated":"2020","description":"Copy and paste also for ideas....\n\n3d digital sculpture rendered at 5.134 X 5.500 pixels.","image":"https://ipfs.pixura.io/ipfs/QmPfsCrRxiVY5v2FWozgZ6DD8mTQbjzm3Fs5QfEqSn7ReG/TheincubatorofphilosophicalconceptsctlrctrlvSR.jpg","media":{"uri":"https://ipfs.pixura.io/ipfs/QmPfsCrRxiVY5v2FWozgZ6DD8mTQbjzm3Fs5QfEqSn7ReG/TheincubatorofphilosophicalconceptsctlrctrlvSR.jpg","dimensions":"5134x5500","size":"8423776","mimeType":"image/jpeg"},"tags":["3dart","cryptoart","raredigitalart","art","nft","nfts","tokenized","singleedition","digitalart","digitalsculpture","cgart","sculptureart","incubator","ideas","philosophy","francescomai","arte","scultura","cinema4d","zbrush","octane","head","bust","3dsculpture"]}