{"name":"The Processor","createdBy":"https://superrare.co/uweheinedebrodt","yearCreated":"2020","description":"How does our processor work in computers?\nthis gif full of microchips and electronic components\nSurrealists explain the data transfer.","image":"https://ipfs.pixura.io/ipfs/QmX1f5nnmTYT7BY8dfArwwu7gp84MAKe3HEk3ouCXf6m7D/Theprocessor.gif","media":{"uri":"https://ipfs.pixura.io/ipfs/QmX1f5nnmTYT7BY8dfArwwu7gp84MAKe3HEk3ouCXf6m7D/Theprocessor.gif","dimensions":"528x750","size":"47960962","mimeType":"image/gif"},"tags":["art","digital","3d","digitalart","gifart","render","draw","paint","3dart","gif"]}