{"name":"ˈɡummiə","createdBy":"Animatttic","yearCreated":"2020","description":"It is imperative that we continue to bring colour into a world shrouded with darkness. Never let go of what brings forth positive emotion inside of you.","image":"https://ipfs.pixura.io/ipfs/QmdJPiaFQUTijxCeFv7hmo6iiM7C4VxBFvkyna2bcLhgSN/ummi2.png","media":{"uri":"https://ipfs.pixura.io/ipfs/QmdJPiaFQUTijxCeFv7hmo6iiM7C4VxBFvkyna2bcLhgSN/ummi2.png","dimensions":"4000x4500","size":"37281014","mimeType":"image/png"},"tags":["3D","colorful","Color","Colour","Rainbow","Gummy","candy","Vibrant"]}