{"name":"Beyond the Horizon","createdBy":"Silvio Vieira","yearCreated":"2020","description":"-Liquid fire,\nThe heavens are burning,\nUtopia,\nNever finish,\nNever start,\nDon't give up,\nIt's all inside,\nOf you,\nYour heart.-","image":"https://ipfs.pixura.io/ipfs/QmYa3WeuehiQWQr8hXbX67MYi8L54fQJ4t6J9WXDjB5N7G/BeyondTheHorizon_Unique_Artwork_SuperRare_by_silviovieira.png","media":{"uri":"https://ipfs.pixura.io/ipfs/QmYa3WeuehiQWQr8hXbX67MYi8L54fQJ4t6J9WXDjB5N7G/BeyondTheHorizon_Unique_Artwork_SuperRare_by_silviovieira.png","dimensions":"3999x5000","size":"25130232","mimeType":"image/png"},"tags":["3d","cosmicart","humanevolution","innervision","meditation","revolutionwithin","silviovieira","silviovieiraart","stars","surreal","surrealart","visionary","visionaryart"]}