{"name":"//PROGRAMMER//","createdBy":"dr01d_visuals","yearCreated":"2019","description":"This piece was created as an interpretation of the life of a digital artist.\nSecluded from others and surrounded by technology. \nAlways creating. ","image":"https://ipfs.pixura.io/ipfs/QmXoKV1Z2jduyqirwGjYkhLhBGZkVQCqHH3x2wzBkHthaV/techroom-0-00-20-05.jpg","media":{"uri":"https://ipfs.pixura.io/ipfs/QmUNXGsNfmDX6Txbrkva88QwauJrc6zd2izHvd7qRNizLM/techroom.mp4","dimensions":"1920x1080","size":"51381938","mimeType":"video/mp4"},"tags":["3d","3dart","abstract","animation","Cinema4D","cryptoart","digitalart","psychedelic","scifi","surreal","tech","3D"]}