{"name":"Claritas silentio (1/4)","createdBy":"ekaitza","yearCreated":"2020","description":"A series of 4 artworks combining 12 images capturing a moment of clarity in isolation and self reflection. 3500 x 5000 pixels. Rendered at 72 ppi","image":"https://ipfs.pixura.io/ipfs/QmZ8Pfra95aqvvTysAq19U5qsV5i8xqQXPsDHc7Mh98hPf/1.png","media":{"uri":"https://ipfs.pixura.io/ipfs/QmZ8Pfra95aqvvTysAq19U5qsV5i8xqQXPsDHc7Mh98hPf/1.png","dimensions":"3500x6000","size":"25370927","mimeType":"image/png"},"tags":["ekaitza"]}