{"name":"\"Just An Idea\"","createdBy":"Papa Bear","yearCreated":"2020","description":"Custom framed banana with duct tape\nCattelan's original concept (Comedian) lives on now in the virtual realm.\n\"It's just an idea\"\n(Cinema 4D/Substance Designer)","image":"https://ipfs.pixura.io/ipfs/QmY5SW13H3qRwTUVQ3nfhDDRYswBdGN5EgzBTS6nPfBhNP/previewcc.png","media":{"uri":"https://ipfs.pixura.io/ipfs/QmYm6xLhqjsLBmiWi2TjyaTUcJ6s9BGCyYVWdkQ5GikqcP/JustAnIdea.glb","dimensions":null,"size":"23048624","mimeType":"model/gltf-binary"},"tags":["abstract","3d","3dart","nft","NFTs","cryptoart","crypto","banana","MarizioCattelan","3dmodel","3dobject","abstractart","gallery","galleryart","vrart","AR","conceptual","concept","ideological","NFTart","fruit"]}