{"name":"Mr. McGoovious Plays His Favorite Game","createdBy":"Ambiguous","yearCreated":"2020","description":"Step right up and play the Genetic Lottery with everyone's favorite extra-terrestrial host...Mr. McGoovious. What box will contestant number 1 wind up in...? Stay tuned!","image":"https://ipfs.pixura.io/ipfs/QmRoeZR3YBuQM2eGHCJ71eqe8goWiiH948jwRTJQNZ6f8D/ScreenShot2020-07-23at12.24.50PM.png","media":{"uri":"https://ipfs.pixura.io/ipfs/QmcKCZCVTmJ6N4GJCLBqzVwTAuwcN6jfXtsqSTGXweBK2R/McGoovious.mp4","dimensions":"1920x1080","size":"47466542","mimeType":"video/mp4"},"tags":["GameShow","Categories","Alien","McGoovious"]}