{"name":"The golden one who dances with the calf.","createdBy":"buzzlightning","yearCreated":"2020","description":"The worship of the golden calf is seen as a supreme act of apostasy, the rejection of a once known belief in the financial system.","image":"https://ipfs.pixura.io/ipfs/QmR4mZuxJ4hd7kvdDLbZhshCGfkKmt3uRDqjDKHggWoKeb/vdixf-cq9zz.gif","media":{"uri":"https://ipfs.pixura.io/ipfs/QmR4mZuxJ4hd7kvdDLbZhshCGfkKmt3uRDqjDKHggWoKeb/vdixf-cq9zz.gif","dimensions":"1209x680","size":"50763511","mimeType":"image/gif"},"tags":["gif","animated","bitcoin","blockchain","cryptoart","cryptocurrency","calf","robot","dance"]}