{"name":"glimmer of hope","createdBy":"secondrealm","yearCreated":"2020","description":"sometimes all i can hold onto is the glimmer of hope","image":"https://ipfs.pixura.io/ipfs/QmSvKp2LpnhUjGZFp1yXEoEeVeJJbijKE27YFwRJq3pYor/glimmerofhope.jpg","media":{"uri":"https://ipfs.pixura.io/ipfs/QmSvKp2LpnhUjGZFp1yXEoEeVeJJbijKE27YFwRJq3pYor/glimmerofhope.jpg","dimensions":"3546x4728","size":"11536213","mimeType":"image/jpeg"},"tags":["hope","depression","anxiety","love","pain","lonliness","women","marriage","beauty","fear"]}