{"name":"UM86","createdBy":"k0ch","yearCreated":"2020","description":"UM86 (Insomnia series). Ni los hombres ni el tiempo desaparecen sin dejar huellas. Quedan fijados en nuestras almas. Made with processing (p5js), 1080x1080, 104 frames.","image":"https://ipfs.pixura.io/ipfs/QmYWp7fAkMFesqjUCJvfjjehSa4pphFaH7i2a6Jc1XMNA5/UM86.gif","media":{"uri":"https://ipfs.pixura.io/ipfs/QmYWp7fAkMFesqjUCJvfjjehSa4pphFaH7i2a6Jc1XMNA5/UM86.gif","dimensions":"1080x1080","size":"32053556","mimeType":"image/gif"},"tags":["Moebius","algorithmicart","subway","desaparecidos","cyberpunk","algorithm","generativeart","generative","code","codeart","programming","kanji","missing","processing","p5js","computerart","computer","fractal","underground","dark"]}