{"name":"the mind's eye","createdBy":"secondrealm","yearCreated":"2020","description":"i am so happy and grateful for the gift of meditation because the gift of mediation slows down my anxious mind and body while filling my soul with the secrets of the universe. thank you. thank you. thank you for sharing the secrets of the universe with me.","image":"https://ipfs.pixura.io/ipfs/QmW6rGWJK6wuJ12FGKc3TiyYz9pzmwZGmVRdWLKcYfxUWg/losingmyselfwithinmyself.jpg","media":{"uri":"https://ipfs.pixura.io/ipfs/QmW6rGWJK6wuJ12FGKc3TiyYz9pzmwZGmVRdWLKcYfxUWg/losingmyselfwithinmyself.jpg","dimensions":"3546x4728","size":"16697963","mimeType":"image/jpeg"},"tags":["chaos","focus","meditation","mindfullness","peace","practice","relaxation","universe"]}