{"name":"Commercial Break","createdBy":"TwistedVacancy","yearCreated":"2020","description":"Now it's time for a commercial break! a Ramen from hell! created from different kind of suspicious ingredients! full of surprise!!","image":"https://ipfs.pixura.io/ipfs/QmW7fdh47fhM3L9FNf2bw3K6CnXGhdNSUp3bMYjbtUUju5/Ramen_From_Hell_ANimate_1.gif","media":{"uri":"https://ipfs.pixura.io/ipfs/QmW7fdh47fhM3L9FNf2bw3K6CnXGhdNSUp3bMYjbtUUju5/Ramen_From_Hell_ANimate_1.gif","dimensions":"1200x1697","size":"28651779","mimeType":"image/gif"},"tags":["twistedvacancy","vintage","illustration","retro","loop","gif"]}