{"name":"Marinara Salvage","createdBy":"DaimAlYad","yearCreated":"2020","description":"The trench-dwelling extremophile creature was a colony organism, resembling a bloom of jellyfish swarming some long sunk deposit of bloodstained European loot from the New World.  It was an unforgiving siren for those afflicted by greed, ever ready to punish encroachment on its domain with the deadliness of a Man-of-War.\n\nThis timeless, high resolution exotic Pickover biomorph was enriched by the textural use of wonderful CC0 photography by Marc Schulte and Timo Volz.","image":"https://ipfs.pixura.io/ipfs/QmP4czpqz9idgd8eBKybbndU7m4zvagL71XHCZdZoU3JX4/140-MarinaraSalvage2020.png","media":{"uri":"https://ipfs.pixura.io/ipfs/QmP4czpqz9idgd8eBKybbndU7m4zvagL71XHCZdZoU3JX4/140-MarinaraSalvage2020.png","dimensions":"5400x5400","size":"23224125","mimeType":"image/png"},"tags":["apeirograph","apeirography","abstract","algorithmic","algorism","generative","fineart","math","mathematical","maths","mathart","jellyfish","jelly","gold","treasure","ocean","sea","undersea","deep","deepsea"]}