{"name":"Δέδυκε μὲν ἀ σελάννα - The silver moon is set","createdBy":"Cristiana Vettor","yearCreated":"2020","description":"I dreamed this artwork last night: the quiet night, the blue color, the setting stars, the verses of Sappho, a young woman, alone, who looks at the sky, the vertigo of the universe and the solitude of a human being, the same feeling that across the centuries passes from Sappho, to me, to my daughter, to whom this work is dedicated.","image":"https://ipfs.pixura.io/ipfs/QmdBYgVp7QUuSBBxy3b597rprpoXkWwpTdFNrPtMifdXpK/Sappho.jpg","media":{"uri":"https://ipfs.pixura.io/ipfs/QmRSo5gbcGBvRpPXg6BiKrKGA98n4J9NLVWDyANJZ8Je2f/Saffo.MP4","dimensions":"956x1280","size":"2525996","mimeType":"video/mp4"},"tags":["Sappho","thesilvermoon","poetry","blue","loneliness","youth","greek","nature","cryptoart","combugnera","magic","mystery"]}