{"name":"S.A.M.","createdBy":"Van Gango","yearCreated":"2020","description":"Selfie Addiction Martian (S.A.M.) is the second piece of the series. Concept: The aliens have landed on earth and, despite being endowed with superior intelligence, they fall into human traps, vices and addictions. Drawing on photo taken by me.","image":"https://ipfs.pixura.io/ipfs/QmRa9koJVWGD7AMXZcP5ToDK6woyoHAvDYbt56h3BSp4Sj/S.A.M..jpg","media":{"uri":"https://ipfs.pixura.io/ipfs/QmRa9koJVWGD7AMXZcP5ToDK6woyoHAvDYbt56h3BSp4Sj/S.A.M..jpg","dimensions":"4148x2737","size":"5604099","mimeType":"image/jpeg"},"tags":["Aliens","Cryptoart","Digitalart","Digitalpainting","NFT","SingleEdition","Mars","Illustration","ETH","Ethereum","VanGango","Selfies","Martian"]}