{"name":"Tria","createdBy":"Marterium","yearCreated":"2020","description":"Three is a magic number. You could question the possibility of a complete equilibrium between a and b. You need c more than often to achieve harmony.","image":"https://ipfs.pixura.io/ipfs/QmPFwqPDy7hhvExCox92bDfWaEBhr6q8MzCRf2uVTEVEng/Post113Solo.jpg","media":{"uri":"https://ipfs.pixura.io/ipfs/QmPFwqPDy7hhvExCox92bDfWaEBhr6q8MzCRf2uVTEVEng/Post113Solo.jpg","dimensions":"5000x5625","size":"21458788","mimeType":"image/jpeg"},"tags":["MuseumofCryptoArt","3D","Abstract","Abstractart","3Dart","Triangle","Gold"]}