{"name":"Splashy","createdBy":"@tomato","yearCreated":"2020","description":"Water simulation with a photo scanned rock. 1200x1200 60fps mp4","image":"https://ipfs.pixura.io/ipfs/QmRFNx5mz2xituB5HT3NxenFXRPPVRKoMwvXHQuFVFSUSM/rock_20200310_1036_f239_1500_512_c2.jpg","media":{"uri":"https://ipfs.pixura.io/ipfs/QmUffHuqbbTbWkzg1zUm2ToauRvK7CjxXSjk9fLhnpRHYX/rock_20200310_1036_60fps.mp4","dimensions":"1200x1200","size":"39735793","mimeType":"video/mp4"},"tags":["simulation","photogrammetry","fluid","splash"]}