{"name":"Infection","createdBy":"@max_retoka","yearCreated":"2020","description":"gamma:1.0\nsaturation:1.0\nrenderDistance:5000\nfov:46.4\nparticles:45000\nmaxFps:30\ntotalFrames:210\nscreenWidth:1024\nscreenHeight:1024","image":"https://ipfs.pixura.io/ipfs/QmVJJ2zTNWaty9TWGzyebZBZGdRqMkyijCfTBhhBJM3jJH/ServerPreview.png","media":{"uri":"https://ipfs.pixura.io/ipfs/QmPoLzeQY8eHTi7NA8myYx5ksztpuPhjRyxXkKC5Mb5az1/Serverhorror_1.mp4","dimensions":"1024x1024","size":"29304932","mimeType":"video/mp4"},"tags":["3D","3d","3dart","surreal","abstract","animation","generative","design"]}