{"name":"Podmork HOD VR2 Cthulhu","createdBy":"Hackatao","yearCreated":"2020","description":"“Ph'nglui mglw'nafh Cthulhu R'lyeh wgah'nagl fhtagn\".\n\nThe Podmork(s) are the primordial totemic figures at the center of Hackatao’s imaginative research. They play as explorers of the two artists’ inner worlds, who draw on their surface philosophical reflections as metaphors. Podmork HOD VR will be only 13+(0), all different. Thanks Leandro Bellone for 3D texturing.\n","image":"https://ipfs.pixura.io/ipfs/QmaxM3Z5q4Z6nvmxeygfugt6DKSjXYnPjA7cbPjoKeWtKL/PodmorkVr2Cthulhuxtoken.gif","media":{"uri":"https://ipfs.pixura.io/ipfs/QmNqsEcwDfbBB7k2xdbtW69xEFsKCTV6vpdPLEzx5YQ5ft/Podmork_vr02_lbe2.glb","dimensions":null,"size":"14264612","mimeType":"model/gltf-binary"},"tags":["Hackatao","Cthulhu","VR","Podmork","HOD","Totem","2"]}