{"name":"Fifty shapes of orange","createdBy":"buzzlightning","yearCreated":"2020","description":"Orange is the better money. Bitcoin, the mother of all blocjchains.","image":"https://ipfs.pixura.io/ipfs/QmNeBgNLQ9Ly4N3g8ZUeqiBJceEjzNbGRiaeTdprJmyLiW/vi8nc-7dsx6.gif","media":{"uri":"https://ipfs.pixura.io/ipfs/QmNeBgNLQ9Ly4N3g8ZUeqiBJceEjzNbGRiaeTdprJmyLiW/vi8nc-7dsx6.gif","dimensions":"1080x1080","size":"17816891","mimeType":"image/gif"},"tags":["cryptoart","gif","animated","orange","money","blockchain","cryptocurrency","shape"]}