{"name":"Bird on Gold | Hummingbird_02, Apotheosis","createdBy":"Skeenee","yearCreated":"2020","description":"This bird was never meant for our physical plane of existence and will never have to endure its limitations. Moments after its birth it burnt in a blaze of glory and ascended to the digital plane, breaking the limitations of time & space and living everywhere and forever on the block chain as a unique piece of Art.\nDrawn with fountain pen | Shaded with Sumi ink | Painted with watercolors | Decorated with a gold leaf | Brought to life through digital Voodoo | Annotated with NFT Scribe.\n\nDownload Artivive on your mobile phone, scan it and watch it ascend to the digital realm.","image":"https://ipfs.pixura.io/ipfs/QmURJDjYC7knUeMfU1BzNwAWFXTdjZwEYFq18oZT3NzoqD/BOG-humming02-Apotheosis.jpg","media":{"uri":"https://ipfs.pixura.io/ipfs/QmURJDjYC7knUeMfU1BzNwAWFXTdjZwEYFq18oZT3NzoqD/BOG-humming02-Apotheosis.jpg","dimensions":"1600x1600","size":"1241950","mimeType":"image/jpeg"},"tags":["animation","bird","drawing","gold","hummingbird","watercolors","ink"]}