{"name":"Frustrated Lumberjack","createdBy":"edmotions","yearCreated":"2019","description":"The most insane, disturbed, unearthly, stupid and idiotic thinkgs can happen when it comes to the universe playing with your life expectations.","image":"https://ipfs.pixura.io/ipfs/QmfPwBiSBneXeUrdZM3WrnhBKiRm86iTKEezznVnHTYQEY/frustrated-lumberjack.gif","media":{"uri":"https://ipfs.pixura.io/ipfs/QmfPwBiSBneXeUrdZM3WrnhBKiRm86iTKEezznVnHTYQEY/frustrated-lumberjack.gif","dimensions":"1280x1280","size":"7568402","mimeType":"image/gif"},"tags":["frustration","loop","animation","design","cryptoart","nonsense"]}