{"name":"∞ TORO   ","createdBy":"VISIONES","yearCreated":"2015","description":"∞ TORO   \nmixedmedia illsutration created on a smartphone in 10.8.2015","image":"https://ipfs.pixura.io/ipfs/QmUw4zX1g3X2awqgykB5E3VR1zvoJr6EvKdYSxzLYHshQF/TORO.png","media":{"uri":"https://ipfs.pixura.io/ipfs/QmUw4zX1g3X2awqgykB5E3VR1zvoJr6EvKdYSxzLYHshQF/TORO.png","dimensions":"3663x3663","size":"5431323","mimeType":"image/png"},"tags":["bull","visionaryart","symmetry","mixedmedia","smartphoneart","visiones","illustration","retro","green","psychedelic","mandala","ethereal"]}