{"name":"Cyberpunk Lady","createdBy":"oriveda","yearCreated":"2020","description":"Cyberpunk is a subgenre of science fiction in a dystopian futuristic setting that tends to focus on a \"combination of low-life and high tech\" featuring advanced technological and scientific achievements, such as artificial intelligence and cybernetics, juxtaposed with a degree of breakdown or radical change in the social order.","image":"https://ipfs.pixura.io/ipfs/QmTNdWxqp8nm1hzjx4DiQNuuJmpf5uE5ZPQbhpJhQfcJVu/Cyberpunk.png","media":{"uri":"https://ipfs.pixura.io/ipfs/QmTNdWxqp8nm1hzjx4DiQNuuJmpf5uE5ZPQbhpJhQfcJVu/Cyberpunk.png","dimensions":"4058x5315","size":"38630200","mimeType":"image/png"},"tags":["cyberpunk","lady","sf","fantasy","sci","fi","future","futuristic","dystopia","cool"]}