{"name":"Fracture Study #2","createdBy":"Clear Void","yearCreated":"2020","description":".","image":"https://ipfs.pixura.io/ipfs/QmTBoimRuhcvVNVbmj4hhoy1FzrdAk1UV1QUjeLGwNWdvN/cubeshatterTHUMB0026.jpg","media":{"uri":"https://ipfs.pixura.io/ipfs/QmQDFg2F3j5uQUBfkAGRWPCdYsfBW2ZCkAwYUK6EkQ2Zez/cubeshatterfinal9.glb","dimensions":null,"size":"1273708","mimeType":"model/gltf-binary"},"tags":["3D","3d","3dart","animation","ClearVoid","fracture","study","box","cube","shatter","fragment","abstract","simulation","geometric","red"]}