{"name":"'Hopeful yet Naive'","createdBy":"Rutger van der Tas","yearCreated":"2020","description":"The burning theme keeps me busy. \n\nNo! I don't want to talk about it! \n\nJust share my work. \n","image":"https://ipfs.pixura.io/ipfs/QmaWuiTGaDM8iNJWXR7cLEXcfEH4o4qXRoJAoteRfmAaEm/hopefullandnaivethumb.png","media":{"uri":"https://ipfs.pixura.io/ipfs/Qmc6XDJP1r1aHCEHni2YLkfptoFPp9CMGooPT3AKECekUM/hopefullandnaivenew_1.mp4","dimensions":"1586x2048","size":"17933341","mimeType":"video/mp4"},"tags":["burn","youth","cryptoart","NFT","smoking","lips","black","dark","flower","painting","digital","collage"]}