{"name":"_-SCALES-_","createdBy":"Eloh","yearCreated":"2018","description":"1/1 - Eloh offering for Take Me to Your Burn - 6000 x 3300 Pixels ","image":"https://ipfs.pixura.io/ipfs/QmYKDBJFZ3sitRrwgYs8YEh3f5LWi3BKf75jBDNEwhmLZG/Eloh_CyberneticAxe_Token_08.21.2020.jpg","media":{"uri":"https://ipfs.pixura.io/ipfs/QmYKDBJFZ3sitRrwgYs8YEh3f5LWi3BKf75jBDNEwhmLZG/Eloh_CyberneticAxe_Token_08.21.2020.jpg","dimensions":"6000x3300","size":"9998223","mimeType":"image/jpeg"},"tags":["visionary","animals","music","psychedelic","eloh"]}