{"name":"Journey to the other side","createdBy":"BeyondBola","yearCreated":"2020","description":"To boldly go where no man has gone before","image":"https://ipfs.pixura.io/ipfs/QmUpKSqcx1TtsZE1t2KdJ2PGhDs2V7nk5y9ziTaJgSvLeX/Journeytotheotherside.jpg","media":{"uri":"https://ipfs.pixura.io/ipfs/QmUpKSqcx1TtsZE1t2KdJ2PGhDs2V7nk5y9ziTaJgSvLeX/Journeytotheotherside.jpg","dimensions":"3000x3750","size":"6536136","mimeType":"image/jpeg"},"tags":["3d","abstract","animation","surreal","illustration","psychedelic","3dart","geometric","animated","fantasy","simulation","sculpture","scifi","beyondbola","horror","monster"]}