{"name":"Wounded Sky","createdBy":"Pajaritaflora Digital","yearCreated":"2020","description":"Acrylic on canvas, animated, 2000x2000 pixels, 24fps, 15 second loop. A collaboration between MaryAnn Ead (painter) and Keegan Ead (animator).","image":"https://ipfs.pixura.io/ipfs/QmaT3UXFfPwLk9jdpan6Se8jo1YLM6R4d2bpRbwmSTZede/slash-thumb.gif","media":{"uri":"https://ipfs.pixura.io/ipfs/QmQxUbt1A4qDKVrRdKwsVGvGaXrAAP9Ned6DAC96b9JVQU/Slash3h264-2000x2000-24fps-rf22-slower.mp4","dimensions":"2000x2000","size":"38640821","mimeType":"video/mp4"},"tags":["abstract","pink","blue","white","red","slash","painting","pastel","animated","perfectloop","animation","looping"]}