{"name":"Face Machine","createdBy":"Glitch Black","yearCreated":"2020","description":"Face machine assembly line.  Contains original music.  / 2000x2000 / 120 frames / 45 MB / MP4","image":"https://ipfs.pixura.io/ipfs/QmPMCQq2sCxX3pm9S2A7vkTgSLWuQCxtism5kTC895Umtf/facemachine-cryptoartpreview.gif","media":{"uri":"https://ipfs.pixura.io/ipfs/QmUBxKwiq72p7Qs8t2uTfdLd2EkbDYvCGJmoL66M6et6w4/facemachine-cryptoart.mp4","dimensions":"2000x2000","size":"47516713","mimeType":"video/mp4"},"tags":["glitchblack","animation","animated","3d","3D","3dart","surreal","future","synthwave","cyberpunk","tv","crt","robot","fantasy","loop"]}