{"name":"Ŝ͉͜h̉ͫ̚ũ̹̃'᷅̄͒Q̓᷅̄ḓ̠̤z̔ͣ᷈u͏̼ͤ","createdBy":"exitsimulation","yearCreated":"2020","description":"Dimension traveler\n///////////// Abstract creature sculpted in Virtual Reality with Oculus Medium, refined in ZBrush","image":"https://ipfs.pixura.io/ipfs/QmULtAnbhzX2pNP8Kv9Ze2xk4PqFSfw6GcWgCWFTiyi9zC/SpaceSlug_UV_Redshift0011_cc_sq.png","media":{"uri":"https://ipfs.pixura.io/ipfs/QmPT3zigVR7k6bg8oAsU5U1NqaHgrDmC4uJP7pB37fZXah/space_slug_.glb","dimensions":null,"size":"6642616","mimeType":"model/gltf-binary"},"tags":["exitsimulation","creature","abstract","model","3d","3dart","dimension","void","oculusmedium","zbrush","sculpt","sculpture","virtualreality","vr","medium","traveler","scifi","glb"]}