{"name":"regurgitation","createdBy":"loudsqueak","yearCreated":"2020","description":"we talk, and talk, and talk, but do we really even understand what we're saying?","image":"https://ipfs.pixura.io/ipfs/QmScrzvxgpx9p4av7jhH7txPERdq3JD2m6fowBJFdbvZiu/regurgitation_preview.jpg","media":{"uri":"https://ipfs.pixura.io/ipfs/QmYcCW5arGTqPfhpdAyUd37Yk19kFkDzFWKnfXtwfChzjE/regurgitation_4k.mp4","dimensions":"2160x3840","size":"51597287","mimeType":"video/mp4"},"tags":["animation","color","contemporary","digital","generative","head","mannequin","loop","minimalism","particles","rainbow","simulation","sphere","loudsqueak"]}