{"name":"Inner Beauty","createdBy":"@tomato","yearCreated":"2020","description":"We're all in this together, don't get us wrong. We're all having fun here, don't get us wrong. But the inner beauty that's been revealed is more than just a reflection. It's something inside you. It's something beyond our minds. It's going to take us to the bottom, and we don't blame you. We give you credit. We're all in this together.\n1500x1500 60fps mp4","image":"https://ipfs.pixura.io/ipfs/QmRoWbweVA7UrWkCgEsMQtcqdULfcgnqHUC5ww1X1xyGTk/innerbeauty_20200905_1717_L_f276.jpg","media":{"uri":"https://ipfs.pixura.io/ipfs/QmZPY7u8krU2qHXR8kjrjamhEXLmftynuEmHbmoPpUeCzC/innerbeauty_20200905_1717_L.mp4","dimensions":"1500x1500","size":"42624453","mimeType":"video/mp4"},"tags":["mirror","colors","surreal","reflection"]}