{"name":"Shadow Archetype","createdBy":"Justin Totemical","yearCreated":"2020","description":"\n“People will do anything, no matter how absurd, in order to avoid facing their own souls. One does not become enlightened by imagining figures of light, but by making the darkness conscious.”\n― Carl Jung, Psychology and Alchemy _// File - size : 1080x1920 42.5mb .GIF //Totemical_2020 ","image":"https://ipfs.pixura.io/ipfs/QmbbsPRLpMawxf6ABNhhMpobpyvF5XKH6ToeEayMMcmYnS/delusional_archetypes_Token.gif","media":{"uri":"https://ipfs.pixura.io/ipfs/QmbbsPRLpMawxf6ABNhhMpobpyvF5XKH6ToeEayMMcmYnS/delusional_archetypes_Token.gif","dimensions":"1080x1920","size":"44589617","mimeType":"image/gif"},"tags":["CarlJung","Shadow","3Dart","Motion","Animation","cryptotrip","totemical","static","void","darkness","Psychology","Alchemy"]}