{"name":"Rorschach #8","createdBy":"mightymoose","yearCreated":"2020","description":"Rorschach #8 ***The Rorschach test has a long history connected all the way back to Leonardo da Vinci as the thought was as the mind captures and expresses thought on ambiguous designs one can gain insight into the mind of the observer. The vehicle for interaction.*** These hold to the idea of calling out the creative mind however do not fall into the symmetric system which were present in the ten originals. *** In some of these you will find color, but most just black, white and gray with the gray having “fuzz” or “static”. *** The black and white represent that which we are certain of, the gray, where we live most of our lives is filled with static because much of life feels as if you are trying to find a picture amongst the static.","image":"https://ipfs.pixura.io/ipfs/QmTZM35T8S8utfxN1c2iyLVhKyJ8B6wjVwajGCyzf1Spqk/RorschachSeries8of10.gif","media":{"uri":"https://ipfs.pixura.io/ipfs/QmTZM35T8S8utfxN1c2iyLVhKyJ8B6wjVwajGCyzf1Spqk/RorschachSeries8of10.gif","dimensions":"2160x2256","size":"47260941","mimeType":"image/gif"},"tags":["gif","Rorschach","blackandwhite","grayscale"]}