{"name":"173122959","createdBy":"VISIONES","yearCreated":"2019","description":"173122959\n*created in 2.9.2019","image":"https://ipfs.pixura.io/ipfs/QmP4rRNLUDQ66Yj1veRY5ZR8JKp52Xf1TCmGFdmGRFf1ND/173122959x2.png","media":{"uri":"https://ipfs.pixura.io/ipfs/QmP4rRNLUDQ66Yj1veRY5ZR8JKp52Xf1TCmGFdmGRFf1ND/173122959x2.png","dimensions":"2331x3663","size":"3522645","mimeType":"image/png"},"tags":["illustration","surreal","visionary","portrait","visiones","symmetry","2d","psychedelic","png","smartphoneart","retro"]}