{"name":"Garden of Infinite Pathways","createdBy":"untitledxyz_","yearCreated":"2020","description":"Where neon flowers bloom in a vertical labyrinth of cycles.","image":"https://ipfs.pixura.io/ipfs/QmTwfeaiYov78seSrCBuMSfr4zW1FNE4n6Kz3Eaw53DNbU/GardenofInfinitePathways.png","media":{"uri":"https://ipfs.pixura.io/ipfs/Qmc1EnjXa1YtXTWxzM6d6z47VxzLnGNoUQ2j9dkhmr1eVL/Garden-of-Infinite-Pathways.mp4","dimensions":"2880x2880","size":"6496962","mimeType":"video/mp4"},"tags":["labyrinth","architecture","geometry","neon","untitledxyz_","metaverse","maze"]}