{"name":"Conversations with Infinity","createdBy":"Justin Totemical","yearCreated":"2020","description":"\n“You are an aperture through which the universe is looking at and exploring itself.”\n― Alan Watts  /// _ 1920x1460 37.5mb .Mp4__Totemical 2020 /// ","image":"https://ipfs.pixura.io/ipfs/QmZLAVQyKTgNnqJWpxA4ygRpsXPB7Cme1Cy81VLJhZEide/conversations_with_infinityTHUMBNAILTOKEN.gif","media":{"uri":"https://ipfs.pixura.io/ipfs/QmT9bvUgsmigC7TdcCKFk9EfHsMyc3MdgvKBvFBUxbtSmE/Conversations_With_Infinity_Token.mp4","dimensions":"1920x1460","size":"39350808","mimeType":"video/mp4"},"tags":["infinity","3dart","3d","motion","animation","alanwatts","data","contemplative","time","totemical"]}