{"name":"Salvui","createdBy":"Marterium","yearCreated":"2020","description":"Entangled in a soft and warm breeze of air. You will soon be able to let go. Just close your eyes and feel the harmony.","image":"https://ipfs.pixura.io/ipfs/QmXJpTYZUtDSwMKWM7yAAJAbatjMcjaoPGtPxshau6DSTd/Post150Solo.jpg","media":{"uri":"https://ipfs.pixura.io/ipfs/QmXJpTYZUtDSwMKWM7yAAJAbatjMcjaoPGtPxshau6DSTd/Post150Solo.jpg","dimensions":"5000x5625","size":"32429464","mimeType":"image/jpeg"},"tags":["3d","3D","Abstract","abstract","Abstractart","illustration","gold","shine","soft","flow","texture","Artwork","Curve","Wave","Render","render"]}