{"name":"over and over again","createdBy":"blacksneakers","yearCreated":"2020","description":"life in heavy rotation","image":"https://ipfs.pixura.io/ipfs/QmfPDj3YUcYVJ4CtmNKLjutt2CgKamRCdLL4vcteJy9tiT/overandoveragainwname.png","media":{"uri":"https://ipfs.pixura.io/ipfs/QmfPDj3YUcYVJ4CtmNKLjutt2CgKamRCdLL4vcteJy9tiT/overandoveragainwname.png","dimensions":"2400x3000","size":"1873086","mimeType":"image/png"},"tags":["illustration","blacksneakers","blacksneakersart","digitalart","adobephotoshop"]}