{"name":"Mamba Forever","createdBy":"soulosaint","yearCreated":"2020","description":"This is a tribute to the greatest player of all time. Kobe was the pinnacle of what a great human should be. He will live on forever in all of our hearts.","image":"https://ipfs.pixura.io/ipfs/QmQQdurhL2vbh53r6CfP295DBfYQfbwkmm8QzDfv8HKCzb/kobe.png","media":{"uri":"https://ipfs.pixura.io/ipfs/QmQQdurhL2vbh53r6CfP295DBfYQfbwkmm8QzDfv8HKCzb/kobe.png","dimensions":"1500x1500","size":"3197954","mimeType":"image/png"},"tags":["cryptoart","digitalart","illustration","kobe","basketball","skeleton","psychedelic","color"]}