{"name":"Grey Decay, A","createdBy":"Mike Almond","yearCreated":"2020","description":"They started moving frantically,\nbut found no escape.\n\nA grey decay was all there was.\nAnd time came,\nto wait.","image":"https://ipfs.pixura.io/ipfs/QmZo2zpyHFqoHtPLfARZ9L69E8VgPu31yraHvkxnqfWawk/greydecay_preview.gif","media":{"uri":"https://ipfs.pixura.io/ipfs/QmW6R5gebc3Yw1vSZPBVta1zf2pMUDavo2XhSrbGjVwREF/grey_decay.mp4","dimensions":"1920x1080","size":"52381562","mimeType":"video/mp4"},"tags":["poem","noise","decay","life","grey","gray","ageing","death"]}