{"name":"The Clown","createdBy":"Fabio Giampietro","yearCreated":"2008","description":"\nHave you ever felt like you're being swallowed by the city?\nIn the Metromorphosis series the boundaries between portraits and urban landscapes collapse into a play of lights and shadows. Oil on canvas, 2008. 9480 x 7764 pixels","image":"https://ipfs.pixura.io/ipfs/QmabMyJaU1vrzv3BsrZCVBN5TBqRKJdGdbAeq64dQqmp1N/clown.png","media":{"uri":"https://ipfs.pixura.io/ipfs/QmabMyJaU1vrzv3BsrZCVBN5TBqRKJdGdbAeq64dQqmp1N/clown.png","dimensions":"9480x7764","size":"50380404","mimeType":"image/png"},"tags":["fineart","oiloncanvas","clown","metropolis","fabiogiampietro"]}