{"name":"Quantum Sound","createdBy":"studionouveau","yearCreated":"2020","description":"Abstract digital sculpture created in Blender using 3D and generative modeling tools.","image":"https://ipfs.pixura.io/ipfs/QmchJS5gBxweNk9SPBCyPEHEkMWwHVVBeZJHm5opzFt22c/QuantumSountThumbnailMint.png","media":{"uri":"https://ipfs.pixura.io/ipfs/QmRKywWLzSFtCSn3uPNBh5gvmEu2rcPyScgoAUVpAGWHFz/QuantumSoundMint.glb","dimensions":null,"size":"100132","mimeType":"model/gltf-binary"},"tags":["3D","abstract","digital","generative","glb","modeling","nouveau","quantum","sculpture","sound","studio"]}