{"name":"Sometimes I keep u in my mind","createdBy":"Hilen Godoy","yearCreated":"2020","description":"Wandering in the wet landscapes of my dreams","image":"https://ipfs.pixura.io/ipfs/Qmcw2xTUNDhf1Wg7UDRzJQKGLgdWGFPoHEeMNXhV8SPkmC/SometimesIkeepuinmymind.png","media":{"uri":"https://ipfs.pixura.io/ipfs/Qmcw2xTUNDhf1Wg7UDRzJQKGLgdWGFPoHEeMNXhV8SPkmC/SometimesIkeepuinmymind.png","dimensions":"1300x1300","size":"1513745","mimeType":"image/png"},"tags":["bitcoin","crypto","cryptoart","digitalart","illustration","digitalillustration","graphite","draw","drawing","sketchbook","NFT","dreamy"]}