{"name":"Ego","createdBy":"Steez Designs","yearCreated":"2020","description":"Full 1400 x 1400 animated GIF of my piece \"Ego\"\n\nMade with Procreate, Photoshop, and Adobe Premiere","image":"https://ipfs.pixura.io/ipfs/QmTssYhwGrqa2RF8F27vyoExuG6tMsUtsvAURP99F9MkDu/Untitled-Artwork4_2.gif","media":{"uri":"https://ipfs.pixura.io/ipfs/QmTssYhwGrqa2RF8F27vyoExuG6tMsUtsvAURP99F9MkDu/Untitled-Artwork4_2.gif","dimensions":"1400x1400","size":"25178476","mimeType":"image/gif"},"tags":["Ego","DigitalPainting","Steez"]}