{"name":"Tainted Love","createdBy":"Shortcut","yearCreated":"2020","description":"Another digital remaster of a doodle, I originally created in 1990 around a coffee stain on a piece of paper. Everything else was just one line leading to another.","image":"https://ipfs.pixura.io/ipfs/QmUJrULyhG7SDCCBU6WKmTgUeyt8vv1zHuBU3xBH456ewC/doodle.png","media":{"uri":"https://ipfs.pixura.io/ipfs/QmUJrULyhG7SDCCBU6WKmTgUeyt8vv1zHuBU3xBH456ewC/doodle.png","dimensions":"3200x4404","size":"3544641","mimeType":"image/png"},"tags":["doodle","remaster","1990","digitaldrawing","colorful","elephant","cow","selfportrait","legs","flower","shortcut"]}