{"name":"GOLDEN VIRTUE ","createdBy":"VISIONES","yearCreated":"2020","description":"GOLDEN VIRTUE  295135031\n*created in 30.7.2020","image":"https://ipfs.pixura.io/ipfs/QmU2pjLf3Y53Eg5F9c7zRwB1dGvaVnDgM5JNxDgxfmUry8/ASKlineVIRTUS.png","media":{"uri":"https://ipfs.pixura.io/ipfs/QmU2pjLf3Y53Eg5F9c7zRwB1dGvaVnDgM5JNxDgxfmUry8/ASKlineVIRTUS.png","dimensions":"6327x4995","size":"13530275","mimeType":"image/png"},"tags":["gold","symmetry","mixedmedia","illsutration","2d","portrait","symbol","visionaryart","visiones","psychedelic"]}