{"name":"Monday Motivation","createdBy":"Kidmograph","yearCreated":"2019","description":"Seamless retro-future animation of a spaceship through the horizon.\nQUAD HD (2100px2100px).\n2D Hand Drawn + 3D Cinema 4D.\nNo Watermark.\n119 frames. ","image":"https://ipfs.pixura.io/ipfs/QmUVm8ivT5HeJDydHyW9gpPv1MJHuriqnWMhrMEsdq3F8W/Kidmograph_MondayMotivation_2019_Original.png","media":{"uri":"https://ipfs.pixura.io/ipfs/QmTfFxnYnKuYf3wzed2imPQWvjyCoTz1wQAS7a4ZuQAZ6K/Kidmograph_MondayMotivation_2019_Original_2100x2100.mp4","dimensions":"2100x2100","size":"14349380","mimeType":"video/mp4"},"tags":["cryptoart","decentralize","eth","ether","crypto","rareart","superrare","lofi","scifi","retrofuture","animation","video","art","tokenize","ethereum","kidmograph","digitalart","wacom"]}