{"name":"consci(o)us","createdBy":"Animatttic","yearCreated":"2020","description":"We are vessels.","image":"https://ipfs.pixura.io/ipfs/Qmef8xVLedADNGrGSz2a6rVTMpTgZqFS6y6shmZ1zvxXyG/whatifwelivedourlivesandneverknew1.jpg","media":{"uri":"https://ipfs.pixura.io/ipfs/Qmef8xVLedADNGrGSz2a6rVTMpTgZqFS6y6shmZ1zvxXyG/whatifwelivedourlivesandneverknew1.jpg","dimensions":"5625x5000","size":"26761846","mimeType":"image/jpeg"},"tags":["consciousness","animatttic","3d","abstract","minimalist","human","text"]}