{"name":"Archivita","createdBy":"Kirsten Zirngibl","yearCreated":"2016","description":"Archivita is a vast and vibrant conceptual city: a biomimetic celebration of life and the structures we build to reflect it.  The elevated transportation system and main arcologies are gridded on the Flower of Life symbol.  Each \"stairstep\" of the foreground petal sectors is the height of a livable residential floor.  Large communal domes located centrally and per sector.  The whole piece rides the edge of abstraction, to invite creative interpretation from the viewer.\n\nArchivita has been exhibited as a 30ft (9m) long open-edition vinyl mural print at several large festivals in the US, such as Burning Man 2016/2017. It now resides at the South Bend Museum of Art.  \n\nIt was my most ambitious piece of the time, with 86 million polygons and many hours spent.\n\nSize:  9000x3000 pixels","image":"https://ipfs.pixura.io/ipfs/QmZahQd1UNvCZjn3zhDrvbQr1bhGHyFuecKD2qmsjW2ahs/KirstenZirngibl_Archivita.jpg","media":{"uri":"https://ipfs.pixura.io/ipfs/QmZahQd1UNvCZjn3zhDrvbQr1bhGHyFuecKD2qmsjW2ahs/KirstenZirngibl_Archivita.jpg","dimensions":"9000x3000","size":"13852039","mimeType":"image/jpeg"},"tags":["3d","3dart","abstract","kirsten","zirngibl","fractal","psychedelic","scifi","structural","surreal","surrealism","biomimicry","burningman","city","architecture","solarpunk","life"]}