{"name":"The Wonderful Box 2","createdBy":"Godfrey Meyer","yearCreated":"2020","description":"Title: The simlulation. But I just want to let you know. I am worth it, just as you are. All of us.","image":"https://ipfs.pixura.io/ipfs/QmXGcXYDSr5961DBFajY3fwbRqNjmiv4UtKq8QD9KjMyfY/GodfreyMeyerTheWonderfulBox2.jpg","media":{"uri":"https://ipfs.pixura.io/ipfs/QmNWRE2yas1Tr1MWbj1ZEK696MQ8PsGaPWbBgAU4RK79iK/WonderfulBoxSimulation.mp4","dimensions":"3000x3000","size":"3655988","mimeType":"video/mp4"},"tags":["GodfreyMeyer","NFT","CryptoArt","Abstract"]}