{"name":"Sublime","createdBy":"ArtSouline","yearCreated":"2020","description":"I have known how to find and savor the intimacy of a body left naked. A sweet and subtle abandonment that returns me to forgotten places. Sincere enjoyment of silences and sighs.\nI've been born. I'm dying, savoring black fire.","image":"https://ipfs.pixura.io/ipfs/QmejwtgWh9ABrX6xHYJ5WYgemxFFcKMEFxsumg3u8JiRkL/Ilustracion_sin_titulo.jpg","media":{"uri":"https://ipfs.pixura.io/ipfs/QmejwtgWh9ABrX6xHYJ5WYgemxFFcKMEFxsumg3u8JiRkL/Ilustracion_sin_titulo.jpg","dimensions":"7061x8740","size":"14399055","mimeType":"image/jpeg"},"tags":["poetry","digitalart","fantasy","mixmedia","soulineart","dreamlike","illustration","blue"]}