{"name":"Masked Reality 5","createdBy":"@harshitrnnh","yearCreated":"2018","description":"Masked Reality is a series of artworks that uses artificial intelligence (A.I) to explore the subject of faces, traditions and identity, especially its malleability in the age of technology. These works are created by an A.I drawing inspiration from mask cultures of the central region of India. This juxtaposition of the traditional with the modern, both used to engage with the world from new vantage points, is an attempt to think of alternate visual cultures of AI too.","image":"https://ipfs.pixura.io/ipfs/QmReqpDjW7SCFtjLk75FZR4Nu7d7XDad3dohKUWGtQkehr/masked_realtiy5.png","media":{"uri":"https://ipfs.pixura.io/ipfs/QmReqpDjW7SCFtjLk75FZR4Nu7d7XDad3dohKUWGtQkehr/masked_realtiy5.png","dimensions":"2600x3300","size":"4148986","mimeType":"image/png"},"tags":["ai","aiart","aiculture","GANs","generative","generativeart","identity","mask"]}