{"name":"Portal 001_2 (Room Next Door)","createdBy":"Zebbler","yearCreated":"2020","description":"It tickles","image":"https://ipfs.pixura.io/ipfs/QmYuzpLZpmwABDk9JuSqtPLBZMM4j3CukbSZGAfc7J8yTt/Portals-02_v04-3-rotate-short-final-res.gif","media":{"uri":"https://ipfs.pixura.io/ipfs/QmYuzpLZpmwABDk9JuSqtPLBZMM4j3CukbSZGAfc7J8yTt/Portals-02_v04-3-rotate-short-final-res.gif","dimensions":"939x939","size":"51394802","mimeType":"image/gif"},"tags":["psychedelic","portal","vortex","loop","animation","hands","trippy","zebbler","zee"]}