{"name":"Black-Eyed Susan","createdBy":"Daniella Attfield","yearCreated":"2020","description":"Black-Eyed Susans are a beautiful type of creeper native to Africa.  They are very common here in Cape Town and are one of my favourite types of flowers.","image":"https://ipfs.pixura.io/ipfs/Qmc6nPJRRabN54oaPBV4Niq9acwse9ZQRrPCrnMsbRnHTQ/Black-EyedSusan.JPG","media":{"uri":"https://ipfs.pixura.io/ipfs/Qmc6nPJRRabN54oaPBV4Niq9acwse9ZQRrPCrnMsbRnHTQ/Black-EyedSusan.JPG","dimensions":"4540x6000","size":"4597854","mimeType":"image/jpeg"},"tags":["blackeyedsusan","flower","lineart","digitalart","stars","art","illustration"]}