{"name":"don't expect us to save you","createdBy":"blacksneakers","yearCreated":"2020","description":"in a world full of heroes, not all of them are up for the job. ","image":"https://ipfs.pixura.io/ipfs/QmTP1ZSPCSNJy7yaZzBHVmKTCsNCwByumxmVdShkyMLmzi/dontexpectustosaveyoumain.png","media":{"uri":"https://ipfs.pixura.io/ipfs/QmTP1ZSPCSNJy7yaZzBHVmKTCsNCwByumxmVdShkyMLmzi/dontexpectustosaveyoumain.png","dimensions":"2400x3000","size":"1494166","mimeType":"image/png"},"tags":["blackneakers","blacksneakersart","halloween","digitalart","illustration","crypto","cryptart","digital","procreate","blackart"]}