{"name":"Azalea Walk Quintet Cube","createdBy":"Daniel Ambrosi (@danoramas)","yearCreated":"2020","description":"This interactive 3D art object is from \"Azalea Walk Dreamscape,\" a thematic collection of tokenized artworks (see complete collection at http://dreamscapes.ai) and is based on my real world \"Architectonic Photo Cube\" design, which won a first prize on instructables.com back in August 2011. In this project I sought to develop a novel framing mechanism of purposeful extravagance for displaying five images printed on glass. Rather than focusing on the imagery alone and allowing the framing mechanism to disappear–or perhaps just play a minor supporting role (literally)–I chose to celebrate the display architecture as well as my own former life as an architect. Original artwork and 3D design by Daniel Ambrosi. 3D modeling courtesy of Glenn Easley (Vashon Island, WA)","image":"https://ipfs.pixura.io/ipfs/QmTh5j9MjCzuxQbUDcgX5yn9zHz4D6TU171vuxiMPkuBTM/AzaleaWalkQuintet-Cube-thumb16s-350x350x10fps.gif","media":{"uri":"https://ipfs.pixura.io/ipfs/QmeQMMhKcJp73guB3hriKbUqntDR4bYVkMvUzaMSw9heJo/AzaleaWalkQuintet-FinalGeo-dan-1600.glb","dimensions":null,"size":"49591496","mimeType":"model/gltf-binary"},"tags":["3D","AI","AIart","ambrosi","computationalphotography","creativeAI","deeplearning","dreamscapes","virtualsculpture"]}