{"name":"Cyber Head 02/66 - Human Inside {fragile}","createdBy":"Nikita Replyanski","yearCreated":"2020","description":"Cyber Head 02/66 - Human Inside {fragile}\n//\nR66 project. Collection of 66 conceptual portraits of my digital avatar.","image":"https://ipfs.pixura.io/ipfs/QmbaN3d53Nq8r5BCN33y8yKM28fBXUQtPDcbfrHYQm7FJx/CyberHead02_Cover.jpg","media":{"uri":"https://ipfs.pixura.io/ipfs/QmS53MBz4HxEqFTJJZ1fztnoVone5au4oLx7kUcUXfvkkP/CyberHead_0266.mp4","dimensions":"2500x2000","size":"6840227","mimeType":"video/mp4"},"tags":["cyber","cyberpunk","3D","animation","avatar","portrait","ultradigital","future"]}