{"name":"Sorrow","createdBy":"Ophelia Fu","yearCreated":"2020","description":"An animated gif created from digital adaptations of original ink drawings by the artist.","image":"https://ipfs.pixura.io/ipfs/QmVYPR8ZHuAYobek9znyevp2iSvfUVEHjvdAJfiZik2uGU/Sorrow3000.gif","media":{"uri":"https://ipfs.pixura.io/ipfs/QmVYPR8ZHuAYobek9znyevp2iSvfUVEHjvdAJfiZik2uGU/Sorrow3000.gif","dimensions":"1800x3200","size":"13927710","mimeType":"image/gif"},"tags":["animation","sorrow","loss","boxes","isolation","distance","distancing","drawing","illustration","pulse","sadness","sun","moon","earth","ground","emotion"]}