{"name":"CLUSTER_291115654x","createdBy":"VISIONES","yearCreated":"2019","description":"* created in 2.8.2019 ","image":"https://ipfs.pixura.io/ipfs/QmVPrEbGs68uB1Tj43z5eGWK177J4QiHMLDici5ZJTzC9s/291115654x.png","media":{"uri":"https://ipfs.pixura.io/ipfs/QmVPrEbGs68uB1Tj43z5eGWK177J4QiHMLDici5ZJTzC9s/291115654x.png","dimensions":"8045x8045","size":"9963176","mimeType":"image/png"},"tags":["symmetry","cyber","mandala","2d","illustration","red","gold","minimalism","png","visionaryart","visiones","smartphoneart","psychedelic","retro"]}