{"name":"Harmonic Union","createdBy":"trippyogi","yearCreated":"2020","description":"To transcend chaos\nWe feel love pulsing throughout\nInterwoven souls","image":"https://ipfs.pixura.io/ipfs/QmTe2PCDUVLmnDhoSm9rADFJPJYLjBPpeF8vwsHCcyMETk/LoversPreviewAnimation.gif","media":{"uri":"https://ipfs.pixura.io/ipfs/QmfLgUck7LZsv7a6BEH5a3bs4pxyW6whyH3hfSde7eYYo2/LoversFinal_0004b.glb","dimensions":null,"size":"33701384","mimeType":"model/gltf-binary"},"tags":["love","trippy","hypnotic","meditation","yoga","cosmic","peace","3d"]}