{"name":"Im Abendrot","createdBy":"Nils Hansen","yearCreated":"2020","description":"Im Abendrot -- At Dusk \n|| O utter silent peace!\nSuffused with this sun's last breath\nOf wandering grow we so weary -\nIs this our sense of death? --- \nO weiter, stiller Friede!\nSo tief im Abendrot,\nwie sind wir wandermüde -\nIst dies etwa der Tod?  ||\nJoseph von Eichendorff ","image":"https://ipfs.pixura.io/ipfs/Qmd4M4wZcD6q1fRSZzxCK2cpE4J69jeSd9CVKgaS6ooPcR/Preview_ImAbendrot_2_Quadratisch.png","media":{"uri":"https://ipfs.pixura.io/ipfs/QmacqmbxzCtobYqt9Vuiw9fEkN8Du8jMhhju4LvpQP5uPt/ImAbendrot_meddium.mp4","dimensions":"1280x960","size":"30537891","mimeType":"video/mp4"},"tags":["nft","animation","3D","cryptoart"]}