{"name":"The Witch of the North","createdBy":"Diegrich","yearCreated":"2020","description":"Wake up you sleepy head, rub your eyes, get out of bed.\nWake up, the Witch of the North is alive.","image":"https://ipfs.pixura.io/ipfs/Qma4Rv1M1e1MHxbdBSmJaHV7iPAdRsVAQ6bar2kBc1LpWi/the-witch-of-the-north.jpg","media":{"uri":"https://ipfs.pixura.io/ipfs/QmUnWKMvaDq5wKUWJ84AN2fA98h6iV4wDN9TuJAqApAmap/ALABASTRO.glb","dimensions":null,"size":"33343012","mimeType":"model/gltf-binary"},"tags":["3d","3dart","witch","realtime","golden","woman","fashion"]}