{"name":"Apollonian Toss","createdBy":"Michael Jordan","yearCreated":"2020","description":"A three dimensional rotation of one of the first fractals discovered by Apollonius of Perga","image":"https://ipfs.pixura.io/ipfs/QmSiEbQ73PMdukvKavPTgMYxtjbgVgebdagcf1c7Rga5RR/ezgif.com-gif-maker2.gif","media":{"uri":"https://ipfs.pixura.io/ipfs/QmSiEbQ73PMdukvKavPTgMYxtjbgVgebdagcf1c7Rga5RR/ezgif.com-gif-maker2.gif","dimensions":"600x600","size":"23915884","mimeType":"image/gif"},"tags":["animation","geometry"]}