{"name":"Psyche","createdBy":"Cartoon Advisory","yearCreated":"2020","description":"Created for The $WHALE Community's event 'Live Art Creation Sessions' 10/30/2020. \nThis was a unique piece as I got input from the community as I was creating this. It was such an amazing experience getting to share my art and a bit of my story with everyone that was in attendance.\n\n'Psyche' represents each and every one of us. Our own perception of ourselves is the image that we will portray to others. How we view our world is how our world will be shaped and formed. Love yourself.","image":"https://ipfs.pixura.io/ipfs/QmRcApnpWDni9hLzhecc5c12bQZRBVHepLcPFt34SRJ14z/LACS_Psychedelic.png","media":{"uri":"https://ipfs.pixura.io/ipfs/QmRcApnpWDni9hLzhecc5c12bQZRBVHepLcPFt34SRJ14z/LACS_Psychedelic.png","dimensions":"4320x4320","size":"10417458","mimeType":"image/png"},"tags":["CartoonAdvisory","Cinema4D","3DArt","RareDigitalArt","Abstract"]}