{"name":"MUerte2.0","createdBy":"VISIONES","yearCreated":"2020","description":"an observation of  \"Dia De Los Muertos'","image":"https://ipfs.pixura.io/ipfs/QmQuYufmGAYDZffxZrCR4kajBgMHNrqEQb9vZUNoeREWYf/MUerte2.png","media":{"uri":"https://ipfs.pixura.io/ipfs/QmQuYufmGAYDZffxZrCR4kajBgMHNrqEQb9vZUNoeREWYf/MUerte2.png","dimensions":"3663x3663","size":"7402338","mimeType":"image/png"},"tags":["death","mixedmedia","collage","symmetry","skulls","surreal","psychedelic","visionaryart","cybermandala","visiones"]}