{"name":"baseball 2","createdBy":"mushbuh","yearCreated":"2020","description":"With time the rules of baseball may bend. The diamond may crumble and warp into something unrecognizable. New and strange bats may find their way into the game, and fans may become even crazier. But one thing is unchanging- The humble \"home run\"","image":"https://ipfs.pixura.io/ipfs/QmTjhcAWRZFJofE4iaSeUYr5VgeR9NSw51KtgWYy6t5Uyw/0001.png","media":{"uri":"https://ipfs.pixura.io/ipfs/QmUn5DAW3nt9mYXV3yb47C6cSZqusNYNDTmx8zGJmxSMUb/a.mp4","dimensions":"1500x1500","size":"1611469","mimeType":"video/mp4"},"tags":["sports","mushbuh","3d","video"]}