{"name":"The Second Coming","createdBy":"karisman","yearCreated":"2020","description":"I had to be. Eye had to see.","image":"https://ipfs.pixura.io/ipfs/QmP6CCyHrtYEUiCevfzShSqgPXDBZqceUzLjiaNvGUCSde/secondcoming.gif","media":{"uri":"https://ipfs.pixura.io/ipfs/QmXEW3yyMjSNfu8ubpynAtdPYQC4XBpzMXoqizB1j721ZR/secondcoming_1.mp4","dimensions":"1920x1920","size":"52297633","mimeType":"video/mp4"},"tags":["animated","chaos","contemporary","displacement","generative","glitch","glitchart","loop","noise","photography","psychedelic","surreal","hypnotize","eye","opart","visionary"]}