{"name":"baseball 2","createdBy":"mushbuh","yearCreated":"2020","description":"Moving forward things always change, the type of snacks you can buy at the store, the president, the weather. So why shouldn't baseball? In 2039 \"Baseball 2\" is the top sport for what remains of humanity. The elites lean forward in their hyper-seats, struggling a cheer from what remains of the human lung. The baseball diamond has crumbled away, anything can be a baseball bat, and the once humble peanut is now a goliath testament to mans reign over legume. \n\nThough things change, one thing is steadfast - The honored \"Home Run\"","image":"https://ipfs.pixura.io/ipfs/QmTjhcAWRZFJofE4iaSeUYr5VgeR9NSw51KtgWYy6t5Uyw/0001.png","media":{"uri":"https://ipfs.pixura.io/ipfs/QmVDHtbVN9NgsynEKT85pUW9gzZCDvfJ4bCYW1vxCozzLU/0001-0072.mp4","dimensions":"1500x1500","size":"40248318","mimeType":"video/mp4"},"tags":["baseball","3d","video","fun","mushbuh"]}