{"name":"Crystal balloon dog","createdBy":"Goldweard","yearCreated":"2020","description":"A crystal Balloon dog in a gallery setting shatters into hundreds of pieces","image":"https://ipfs.pixura.io/ipfs/QmckYmdRtmjfAoJvy1WmoV4uMNMYEzPCcgXNFEcNJA49Sv/Hnet-image.gif","media":{"uri":"https://ipfs.pixura.io/ipfs/QmYEYDFHDbsxNFs1mjG3fuXprxzhmkEfq37ZMQyRriSSp1/ballondogshatterNFT.mp4","dimensions":"1920x1080","size":"15241897","mimeType":"video/mp4"},"tags":["balloon","dog","jeffkoons","crystal","gallery","art","sculpture","digital","animated","3D"]}