{"name":"Pick a player, choose a path III","createdBy":"Luis De Javier, Joel Palmer and Yuma Burgess","yearCreated":"2020","description":"Exploring the notions of realities, physicality, distance, and dystopia, Burgess, Palmer and De Javier produced a shoot to emblematise this period: a retreat into the isolated realm of the digital with De Javier’s signature leather pieces from his AW20 collection rendered virtually as armour for a new breed of Tekken character ready for a journey. Industrial underworld surroundings built by Burgess image an alternate reality, an escape into the mind, a trip into the unknown, an opening up of the matrix. As we start to spot the sunlight, Palmer in De Javier’s leather becomes a new M/Orpheus offering us a couple of paths for our journey ahead: we can keep glancing back, drag our past selves to the fore, or else we can imagine new realities, learn from the introspection of this retreat and move our world forward. Unlike Orpheus, let’s leave the past to rest and not look back. Let’s red pill it. Together we will surface, together we rise and re-invent a world anew. Pick your player, choose your path: there is a new world just ahead of us. - Words by Helen Neven","image":"https://ipfs.pixura.io/ipfs/QmZRPn9u5P4cisxgECeteNtYL4zLh6sXCYmi2ozzxvPSyo/vlcsnap-2020-10-27-21h41m35s821.png","media":{"uri":"https://ipfs.pixura.io/ipfs/QmbnrYUTovpk3Uu6VBhmTUfHWMLTPURP2PxZhtVvTw1wX9/TOROSOUND0001-0700.mp4","dimensions":"1920x1080","size":"17605551","mimeType":"video/mp4"},"tags":["3d","animation","surreal","feltzine","FeltZine","Feltzine","3D","rare","portrait","surrealism","3dart","animated","scifi","abstract"]}