{"name":"Spooky goes spooking","createdBy":"edmotions","yearCreated":"2020","description":"To be fair, in my childhood in Spain Halloween wasn't a thing. It was only when I was around 11 or 12 that people began celebrating it. So I've never trick or treated. But since anglo saxon culture has taken over the world, I might as well join and not be left out. It's always funer to eat candy than to carry flowers to the cemetry.","image":"https://ipfs.pixura.io/ipfs/Qme722Mt7FoxEmCg8LvY5N1iyKLeypjdEfcmC6usa6S92H/spooky.gif","media":{"uri":"https://ipfs.pixura.io/ipfs/Qme722Mt7FoxEmCg8LvY5N1iyKLeypjdEfcmC6usa6S92H/spooky.gif","dimensions":"800x600","size":"2658520","mimeType":"image/gif"},"tags":["halloween","animation","motiongraphics","digitalart","childhood","2d","loop"]}