{"name":"Arcata VII ","createdBy":"JEDEYR","yearCreated":"2020","description":"A planet formerly located in Sector 70 by 10 by 53. A satellite conceptualization I created of this star.","image":"https://ipfs.pixura.io/ipfs/QmZhsA1ikgx4NDHTUQ4NJn3Cj2U9QBvbM95izFLRFMQpKQ/dsxxxadsadsa.jpg","media":{"uri":"https://ipfs.pixura.io/ipfs/QmZhsA1ikgx4NDHTUQ4NJn3Cj2U9QBvbM95izFLRFMQpKQ/dsxxxadsadsa.jpg","dimensions":"2999x2999","size":"14505479","mimeType":"image/jpeg"},"tags":["planet","geography","atmosphere","red","glitchart","art","detailed","complex","textures","texture","photography"]}