{"name":"THE BIG STRANGE - Suburban Welcome","createdBy":"Norman Harman","yearCreated":"2020","description":"A series of new digital paintings exploring THE BIG STRANGE\n","image":"https://ipfs.pixura.io/ipfs/Qmaq5zfXVGapV8jjDTvriwhY72vEQYuYm1GnTaTLWC4oCU/welco.png","media":{"uri":"https://ipfs.pixura.io/ipfs/Qmaq5zfXVGapV8jjDTvriwhY72vEQYuYm1GnTaTLWC4oCU/welco.png","dimensions":"4961x3425","size":"15723941","mimeType":"image/png"},"tags":["conceptualart","cryptoart","digitalart","digitalpainting","dystopia","painting","THEBIGSTRANGE","utopia"]}