{"name":"Disposal","createdBy":"@tomato","yearCreated":"2020","description":"It is impossible to fall inside the pit for the duration of the simulation because you need to go through the transparent layer of the pit. It is possible to stop the simulation by tapping on the container, but this would be incredibly slow and would create unnecessary noise and vibration. For some reason, the simulation is so simple that no one bothered to make it complex, but a simple clear glass container would be more realistic. So what about physics?\n\n2560x1440 72fps mp4","image":"https://ipfs.pixura.io/ipfs/QmRvYVrVFhF8fbmhkLXC9JDerkmsfRr4UCEqvLE8DKVzjo/disposal_20201104_1433_closeup_f1668.jpg","media":{"uri":"https://ipfs.pixura.io/ipfs/QmeLgNFhHkmjoCvyb48RRFKwkEET6ggr5gwzC3K867Qwqf/disposal_20201104_1433_72fps.mp4","dimensions":"2560x1440","size":"47225930","mimeType":"video/mp4"},"tags":["simulation","rigidbody","glass","loop","perfectloop","vaporwave","physics","balls"]}