{"name":"Ryūjin ","createdBy":"Daniella Attfield","yearCreated":"2020","description":"Ryūjin is the dragon god of the sea in Japanese mythology.\nHe has power over the tides and represents the force of the ocean.","image":"https://ipfs.pixura.io/ipfs/Qme2wBvB1pmoJ6ADeNPTFjCnvWJW15CoPfhpeEhark2f6H/JapaneseDragon.JPG","media":{"uri":"https://ipfs.pixura.io/ipfs/Qme2wBvB1pmoJ6ADeNPTFjCnvWJW15CoPfhpeEhark2f6H/JapaneseDragon.JPG","dimensions":"4540x6000","size":"4271707","mimeType":"image/jpeg"},"tags":["dragon","asian","japanese","lineart","illustration","digitalart","mythology","fantasy"]}