{"name":"Organizing reality | Silent Echo","createdBy":"Janne","yearCreated":"2020","description":"4000 x 2667 px | 6,6 MB | 7 Frames | GIF","image":"https://ipfs.pixura.io/ipfs/QmZbrGZTWBKttmaBRWsmEtMdnHoBkQVDvBxvTfQbCStLKP/janne-superrare-organizing-reality-no05-silent-echo-janis-weidner.gif","media":{"uri":"https://ipfs.pixura.io/ipfs/QmZbrGZTWBKttmaBRWsmEtMdnHoBkQVDvBxvTfQbCStLKP/janne-superrare-organizing-reality-no05-silent-echo-janis-weidner.gif","dimensions":"4000x2667","size":"6637198","mimeType":"image/gif"},"tags":["animation","gif","echo","noise","light","3d","janne","silent","minimal"]}