{"name":"Phoenix Tail","createdBy":"Eburgami","yearCreated":"2020","description":"“We use unicorn hairs, phoenix tail feathers and the heartstrings of dragons.”","image":"https://ipfs.pixura.io/ipfs/QmWp99CFt2P7LH8QHada6KWQLU1R4wST9oMnf54a6a34nX/phoenixtail.jpg","media":{"uri":"https://ipfs.pixura.io/ipfs/QmWp99CFt2P7LH8QHada6KWQLU1R4wST9oMnf54a6a34nX/phoenixtail.jpg","dimensions":"3497x6217","size":"13974619","mimeType":"image/jpeg"},"tags":["3d","animation","abstract","surreal","illustration","3D","psychedelic","3dart","surrealism","rare","animated","generative","color","drawing","scifi","blockchain","Abstract","phoenixtail"]}