{"name":"Wake Sequence","createdBy":"Glitch Black","yearCreated":"2020","description":"An android army arises. Contains original music. / 2000x2000 / 47 MB / MP4 ","image":"https://ipfs.pixura.io/ipfs/QmeMdBqfxCSuLZtWfyGywSmi3wxFJFK2G5ZssfgNw9xHnQ/wakesequence-cryptoartpreview.gif","media":{"uri":"https://ipfs.pixura.io/ipfs/QmWxAdb12bY38JfxF6jjBtX3Gry6ZthT7AVGfMKpSqjfEB/wakesequence-cryptoart.mp4","dimensions":"2000x2000","size":"48971786","mimeType":"video/mp4"},"tags":["glitchblack","cyberpunk","animation","animated","surreal","surrealism","3d","3D","3dart","synthwave","music","fantasy","future","loop"]}