{"name":"me doing this cryptoart thing - red hot","createdBy":"der_probst","yearCreated":"2020","description":"digital selfpotrait. do you hear this sound? it comes from my mind. the vibrating hum of my mainboard. can't touch my body anymore. it shifted once. it was released. don't try to answer. mail delivery failed. message returns to sender. feeling remains red hot.","image":"https://ipfs.pixura.io/ipfs/QmZmDxsXCrdn15tDqPRzQxugv89RAuskfqNJtmQnrkTCA8/img00571.jpg","media":{"uri":"https://ipfs.pixura.io/ipfs/QmXskYVx4vECqbauZtPSPedZoPpj5516TRbfhyq1HrxHPb/doing_crypto_red_hot.mp4","dimensions":"2560x1440","size":"51114451","mimeType":"video/mp4"},"tags":["3d","3D","3dart","animation","generated","surreal","color"]}