{"name":"Hyperreality.","createdBy":"NessGraphics","yearCreated":"2020","description":"Two seamlessly looping animations within one piece, combining the worlds of futuristic animations within hyperreal nature environments.\n2160x2160px. ","image":"https://ipfs.pixura.io/ipfs/QmXYqruKho815MFErBHUTfGrgAkVMCobRVMcknohmffr3Y/NessGraphicsPreview_V2.gif","media":{"uri":"https://ipfs.pixura.io/ipfs/QmSayuVJXWqBBPLRJPXW5kddoVa1cyqUp9XQSY4VBeSm4W/NessGraphics_SuperRare_Nature.mp4","dimensions":"2160x2160","size":"15458969","mimeType":"video/mp4"},"tags":["nessgraphics","3D","render","animation","nature","techno","3DArt"]}