{"name":"Eight Phoenix","createdBy":"pbock","yearCreated":"2020","description":"This artwork was originally created and tokenized on the EOS chain, for the PixEOS gallery.\n\nAfter losing access to my EOS account through plain idiocy on my part, all my unsold art tokens were, with the help of the PixEOS team, disabled.\n\nJust in case that isn't enough for Jack:  to make it \"unique\" I went ahead and gave it a bit of a color and texture retouch, made the eyes more insectile and the colors and shapes a bit different, so it'd be an 'new' artwork. I LOVE the sheer possibilities having all my old project files gives me. Gotta try and mix a few older artwork at some point, maybe see if any lend themselves to being re-done with my new understanding of the tools. Or even entirely new tools (VR, 3D sculpting, etc...)","image":"https://ipfs.pixura.io/ipfs/QmYGucyzxSH4sQPce6adSnEhBnDadwfDVLQKXeZ8a7x8bc/SeventPhoenix.png","media":{"uri":"https://ipfs.pixura.io/ipfs/QmYGucyzxSH4sQPce6adSnEhBnDadwfDVLQKXeZ8a7x8bc/SeventPhoenix.png","dimensions":"2000x2044","size":"8775749","mimeType":"image/png"},"tags":["phoenix","abstract","colors","digital"]}