{"name":"transmogrification","createdBy":"melithescary","yearCreated":"2020","description":"This piece was created using digital illustration software and photo manipulation. ","image":"https://ipfs.pixura.io/ipfs/QmeRmXEciKaWZminYDGwZexweanoMbmMJhcno72VdpVSoC/secret.png","media":{"uri":"https://ipfs.pixura.io/ipfs/QmeRmXEciKaWZminYDGwZexweanoMbmMJhcno72VdpVSoC/secret.png","dimensions":"2611x3154","size":"10056349","mimeType":"image/png"},"tags":["painting","illustration","surreal","cosmic","skeleton"]}