{"name":"Looking in the mirror #3","createdBy":"Shyam Sreevalsan","yearCreated":"2020","description":"What do you see when you look in the mirror?","image":"https://ipfs.pixura.io/ipfs/QmbARiFSnaxCENwJN7dqV2Fs6SZmD8Nj8eGHcQeKbtBXVN/88.png","media":{"uri":"https://ipfs.pixura.io/ipfs/QmbARiFSnaxCENwJN7dqV2Fs6SZmD8Nj8eGHcQeKbtBXVN/88.png","dimensions":"1024x1024","size":"1460269","mimeType":"image/png"},"tags":["lookinginthemirror","Psychedelic","hallucination","magic","generative","smokeandmirrors","selfportrait","portrait","cryptoart","digitalart"]}