{"name":"Looking in the mirror #1","createdBy":"Shyam Sreevalsan","yearCreated":"2020","description":"What do you see when you look in the mirror?","image":"https://ipfs.pixura.io/ipfs/QmeaCnfWwYn62bhH8PGJGvxpwxgMHZQhxmsHFfdoSPCK4q/86.png","media":{"uri":"https://ipfs.pixura.io/ipfs/QmeaCnfWwYn62bhH8PGJGvxpwxgMHZQhxmsHFfdoSPCK4q/86.png","dimensions":"1024x1024","size":"1414081","mimeType":"image/png"},"tags":["lookinginthemirror","psychedlic","magic","generative","smokeandmirrors","selfportrait","portrait","cryptoart","digitalart"]}