{"name":"Rebirth of Venus","createdBy":"lilmiquela","yearCreated":"2020","description":"Old systems, identities and rules no longer need to bind us. If we decide something has value or a story meaning, then it does. My piece is a meditation on that feeling of throwing skepticism to the wind and accepting endless potential outcomes, realities and truths. - $MIQ","image":"https://ipfs.pixura.io/ipfs/QmcEbGaXYiWwA1A7KhpkE462oEiNqV5bgkcsn16jW9oEU7/ScreenShot2020-11-17at10.52.57AM.png","media":{"uri":"https://ipfs.pixura.io/ipfs/QmNshGpwRqa2v7Sdrkfcmq8p2RRUn4W72Z1Yp4fspj9Yu9/mqhx_viv_0010_SuperRare_square_comp_v007.mp4","dimensions":"1080x1080","size":"23560231","mimeType":"video/mp4"},"tags":["miquela","lilmiquela","dreamscape","robot","desert","reality","simulation","identity","dream","digital","MIQ","NFT","web3","future"]}