{"name":"GRAND SLAM FLOWER","createdBy":"duke","yearCreated":"2020","description":"The flower refers to the open lovely resistance against the orders of an ace striking authority. — GIF; 1000 x 1000 px","image":"https://ipfs.pixura.io/ipfs/QmQ4PRxMHN1DrTLhorBUxeVjKdjcmJijeJW8TnMuzA99pN/010_GRAND_SLAM_FLOWER.gif","media":{"uri":"https://ipfs.pixura.io/ipfs/QmQ4PRxMHN1DrTLhorBUxeVjKdjcmJijeJW8TnMuzA99pN/010_GRAND_SLAM_FLOWER.gif","dimensions":"1000x1000","size":"8486151","mimeType":"image/gif"},"tags":["banksy","collectors","comic","cryptoart","digitalart","DUKE","fun","graphicart","illustration","NFT","NFTart","nifties","popart","police","sport","graffiti"]}