{"name":"Melancholy","createdBy":"Steez Designs","yearCreated":"2020","description":"A feeling of pensive sadness, typically with no obvious cause. Digitally painted and animated in Procreate + Premiere","image":"https://ipfs.pixura.io/ipfs/QmbEycoHZKVaUPNqVxudGQRLtuFpsTAc7DeQhu4KVikEuz/IMG_0849.jpg","media":{"uri":"https://ipfs.pixura.io/ipfs/QmZWHjaDq9b9nwnUsv9ffdiZY96SSpkhnGWMapJ1Ug6XAD/Melancholy.mp4","dimensions":"1280x1280","size":"7814116","mimeType":"video/mp4"},"tags":["Steez","Painting","Animated"]}