{"name":"Aldor the nomad of the mist","createdBy":"ferjart","yearCreated":"2020","description":"A solitary Pyromancer who wanders among the shadowy valleys, guarding the area and guiding travelers on a mysterious journey.","image":"https://ipfs.pixura.io/ipfs/QmYL8mppTfGXyaWgHa4ZSihvo5WPECXBnevdbWKHQNsAtC/aldor.jpg","media":{"uri":"https://ipfs.pixura.io/ipfs/QmQjFuCvT7HtnPU1pj9X4TnSKxXRvcmCRXxbhrQBXyAqyn/ALDOR.mp4","dimensions":"1080x1920","size":"1508440","mimeType":"video/mp4"},"tags":["art","digitalartist","design","illustration","unique","animation","rare","token","ethereum","model","magic","fantasy","artist","drawing","blockchain","colorfull","dark","mistery","boss"]}