{"name":"Elevations #6","createdBy":"karisman","yearCreated":"2020","description":"It seems like there is no end to this race. Sky is not the limit.","image":"https://ipfs.pixura.io/ipfs/QmQKe2m55phNSbaNeE9ynJLNLnDxr8osgSocUYaFHAiSvG/elevations6.gif","media":{"uri":"https://ipfs.pixura.io/ipfs/QmPLyUXd8LpDBpuia91WCyquBsMkRSYgSfQBRMcg4M6VWc/elevations6.mp4","dimensions":"1432x2148","size":"52342679","mimeType":"video/mp4"},"tags":["animated","chaos","contemporary","displacement","generative","glitch","glitchart","loop","nature","photography","urban"]}