{"name":"Eagle totem","createdBy":"Dick Gillman","yearCreated":"2020","description":"The Eagle totem stands proud, fixing all who approach with a challenging stare and wings uplifted.","image":"https://ipfs.pixura.io/ipfs/QmXx8rxyDYQ6ovC2FtCBVLdqu3cm7WCV5GAwP3cnSHbz6G/Eagletotem.jpg","media":{"uri":"https://ipfs.pixura.io/ipfs/QmXx8rxyDYQ6ovC2FtCBVLdqu3cm7WCV5GAwP3cnSHbz6G/Eagletotem.jpg","dimensions":"2833x3797","size":"1187544","mimeType":"image/jpeg"},"tags":["Nature","Eagle","Illustration","Abstract"]}