{"name":"The Rooster Felisbino #1","createdBy":"mel duARTE","yearCreated":"2020","description":"Good morning! This is just my rooster Felisbino reading the daily news. Original digital art by mel duARTE,  1600 x 2400 px, GIF (1,66 MB).","image":"https://ipfs.pixura.io/ipfs/QmdYxaLzsYFeweWeK5VFQHNmQ3eFTmbG48sqPCCzNBTjtr/The_Rooster_Felisbino_1.gif","media":{"uri":"https://ipfs.pixura.io/ipfs/QmdYxaLzsYFeweWeK5VFQHNmQ3eFTmbG48sqPCCzNBTjtr/The_Rooster_Felisbino_1.gif","dimensions":"1600x2400","size":"1746134","mimeType":"image/gif"},"tags":["rooster","pink","gif","animation","melduARTE","digital","art"]}