{"name":"ADAPTATION","createdBy":"Renderfruit","yearCreated":"2020","description":"\"peaceful adaptation to clear water conditions\". Size: 2160 x 2160 px. 30fps. 22 secs duration. Loopable. Original music.","image":"https://ipfs.pixura.io/ipfs/QmcofUdPh3HYs8wd7YYF8YVq4wAa4TnBcfV3Ykvdjp1oHN/FINAL-GIF.gif","media":{"uri":"https://ipfs.pixura.io/ipfs/QmfKmu3Sixo1urvRx8J97y7drit9tTFK4eE7kQdMxobTx3/FINALLOOPSHORTER_2.00x_2160x2160_ghq-51.mp4","dimensions":"2160x2160","size":"36668086","mimeType":"video/mp4"},"tags":["water","pink","pastels","particles","3D","3Dart","3Danimation","animation","loop","musicloop","hiresanimation","hires","music","originalmusic","videoforscreens","nft","nftart","token","tokenize","mint","mintedart","ETH","ethereum","rare","rareart","cryptoart","crypto","blockchain","superrare","renderfruit","peaceful","colorful","purple"]}