{"name":"Elevation","createdBy":"Edition 1 of 1","yearCreated":"2020","description":"Astro & The Universe // By mbsjq. Astro found himself drifting through outer space deciding where to travel next. Maybe The Moon?","image":"https://ipfs.pixura.io/ipfs/QmVNqNrU6PjxEWNsctmZs38M26hfEeEfxSdRUfcW6zYB89/SR_Elevation_Social_still.jpg","media":{"uri":"https://ipfs.pixura.io/ipfs/QmRcKbAHRTENCmBPmPKogbT21Pcb12fxh5SG48EKAP9qow/SR_Elevation_1200x1200px_MBSJQ.mp4","dimensions":"1200x1200","size":"38447908","mimeType":"video/mp4"},"tags":["3d","motion","3dart","astro","astroandtheuniverse","fantasy","illustration","scifi","surreal","universe","vibrant","cryptoart","art","cinema4d","digitalart","space","animation","cgiart"]}