{"name":"antepandemic","createdBy":"WWS","yearCreated":"2020","description":"a crowded past society where space was undervalued, where freedom was undervalued","image":"https://ipfs.pixura.io/ipfs/QmdHjokc8GVoDeKH2Fx1hrD2d6giVGfsQMzUY9Lp1JXEe6/crowd.jpg","media":{"uri":"https://ipfs.pixura.io/ipfs/QmaFbw3bTcjNfSx5K3PgVoXEsWHtqxsnb4zks5kKuTkVjR/crowd.mp4","dimensions":"480x480","size":"4493991","mimeType":"video/mp4"},"tags":["crypto","art","freedom","covid","pandemic","cryptoart","digitalart","superrare","crowd"]}