{"name":"Plastic Rain","createdBy":"Reisinger Andres","yearCreated":"2018","description":"Manifestation of transcendent forms of consciousness. This artwork is part of Plastic Rain serie. Quantity of Artworks in Plastic Rain serie : 6 artworks in total.","image":"https://ipfs.pixura.io/ipfs/QmaiYuDF2xChx8LJ8bW4CCgGT8v9VPRhmrPkR2zbEsNpDH/PlasticRain_05_SR.png","media":{"uri":"https://ipfs.pixura.io/ipfs/QmaiYuDF2xChx8LJ8bW4CCgGT8v9VPRhmrPkR2zbEsNpDH/PlasticRain_05_SR.png","dimensions":"5000x6427","size":"42423370","mimeType":"image/png"},"tags":["3D","CGI","PLASTICRAIN","REISINGER","REISINGERANDRES","PLASTIC","RAIN","SKY"]}