{"name":"▌│█║▌║▌║?","createdBy":"yusaymon","yearCreated":"2020","description":"this file? my hands are full of paint.","image":"https://ipfs.pixura.io/ipfs/QmcHdBik4REtMPfQmLq7JFABJvqGrrLfCWqbcdbNgzrUqZ/NOIRsk8.jpg","media":{"uri":"https://ipfs.pixura.io/ipfs/QmcHdBik4REtMPfQmLq7JFABJvqGrrLfCWqbcdbNgzrUqZ/NOIRsk8.jpg","dimensions":"2817x8725","size":"8875903","mimeType":"image/jpeg"},"tags":["art","character","collection","color","colors","colour","comtemporary","crypto","cryptoart","cryptocurrency","culture","cute","distortion","dope","drawing","ethereum","expressionism","eye","face","geometric","glitch","masterpiece","mixedmedia","mixmedia","new","nft","nftart","paint","painting","philanthropist","pieces","present","queen","quest","rare","remember","saymon","sk8","skateboards","superrare","tears","today","token","tokens","traditional","yu","yusaymon"]}