{"name":"The Dancers","createdBy":"Keegan Ead","yearCreated":"2020","description":"An animated abstract painting created from brightly colored smoke injected into a frame. Frame included.","image":"https://ipfs.pixura.io/ipfs/QmT54roaid1Ggxpj8z2qrdLk3cWgBDgchViLDAuYqpPUc5/TheDancersThumb.gif","media":{"uri":"https://ipfs.pixura.io/ipfs/QmRQhgF8E5iaq6PDZj5rxKrnDmadoHmxKQRjbvbwD1kKf6/TheDancers-x264-1920x1920-30fps-rf15-slower.mp4","dimensions":"1920x1570","size":"31705854","mimeType":"video/mp4"},"tags":["abstract","framed","painting","pictureframe","red","white","smoke","boomerang","fluid","turbulence"]}