{"name":"Eve","createdBy":"kozachok","yearCreated":"2020","description":"Adam is sleeping. The serpent convinced Eve to bite the apple. And she did. Now Eve is waiting for Adam to wake up and tell him that he needs to try this tasty peach she found. Adam wakes up, takes a bite from the curious peach, and while swallowing it, Eve tells him that actually it is an apple from the Forbidden Tree. Adam freaks out and starts chocking, with the apple in his throat. This is how it was formed the area of the thyroid cartilage that appears more prominent on the front of the neck, in men. /s","image":"https://ipfs.pixura.io/ipfs/QmdXUvGZ7RkZLeq1GuHZH3BLYnyGkwVjcUT9mDhFg7nh9N/Eve.png","media":{"uri":"https://ipfs.pixura.io/ipfs/QmdXUvGZ7RkZLeq1GuHZH3BLYnyGkwVjcUT9mDhFg7nh9N/Eve.png","dimensions":"4700x3615","size":"22512760","mimeType":"image/png"},"tags":["eve","adam","religion","serpent","apple","depiction","eden","garden"]}