{"name":"Elevations #5","createdBy":"karisman","yearCreated":"2020","description":"Moving to all directions, with fluctuations.","image":"https://ipfs.pixura.io/ipfs/QmYkPzuL1zHBQ6gMdcmZ1kS2a4LuBoeapmXR4VRrFV7kWT/elevations5.gif","media":{"uri":"https://ipfs.pixura.io/ipfs/QmRUpGQ2HVq5wkCeofVrzG7UDD2vBHFBjjQxtHKhngFkuM/elevations5.mp4","dimensions":"2200x1340","size":"52284346","mimeType":"video/mp4"},"tags":["animated","chaos","contemporary","displacement","generative","glitch","glitchart","loop","nature","photography","urban"]}