{"name":"Latent Lands","createdBy":"Jascha Suess, Clemens Markart","yearCreated":"2020","description":"A memory of a journey that never happend. \n\nLatent Lands is a series of AI generated images taking you to places that don´t exist.\n\nThe musical composition by Clemens Markart from @un.studios aims to reflect a warm, wandering, dreamlike state that fully draws its listener into the piece.","image":"https://ipfs.pixura.io/ipfs/QmPSVZ7PyEnqdbZdDUkCYSr2NcvxyfnDVZTAjBeyB5Pfrx/Latent_Land_THUMB.gif","media":{"uri":"https://ipfs.pixura.io/ipfs/QmNdxsmcvnSQNZehw7WKtAYnqu7A3xxKUpz4qfd3iTBHbL/20_11_21_Latent_Land_SR.mp4","dimensions":"1080x1080","size":"47222371","mimeType":"video/mp4"},"tags":["3D","AI","GAN","Generative","Art","NFT","Surreal","Trippy","Jaschasuess","UnStudios","Journey","Landscapes","Music","Audiovisual","Particles","Sounddesign"]}