{"name":"When the birches cry.","createdBy":"buzzlightning","yearCreated":"2020","description":"Water is vital for survival and the health of every human being. The right to water is a basic right and a prerequisite for the implementation of further human rights. Water also plays a major role in maintaining human dignity. It enables children to have indispensable hygiene in order to stay healthy, but it also serves to respect their body and person.\nMany people worldwide do not have access to sufficient water to wash themselves and live hygienically.","image":"https://ipfs.pixura.io/ipfs/QmNqwc77ojhbnhZoox36Ps4SGoQCDP3VV8REH6c91AmVx7/2s1dv-hw5hq.gif","media":{"uri":"https://ipfs.pixura.io/ipfs/QmNqwc77ojhbnhZoox36Ps4SGoQCDP3VV8REH6c91AmVx7/2s1dv-hw5hq.gif","dimensions":"810x810","size":"50695214","mimeType":"image/gif"},"tags":["water","freedom","humantity","rights","world","gif","animated","cryptoart","buzzlightning","3d","blender"]}