{"name":"The Banana","createdBy":"Michael LaBurt","yearCreated":"2020","description":"Potassium is a mineral and an electrolyte. It helps your muscles work, including the muscles that control your heartbeat and breathing. Potassium comes from the food you eat. Your body uses the potassium it needs. The extra potassium that your body does not need is removed from your blood by your kidneys.","image":"https://ipfs.pixura.io/ipfs/QmXfczfBnJ35jhRwi7ZeWeyzPrPmDJqKBdLQmTHNc8KBeD/ScreenShot2020-12-02at1.35.35.png","media":{"uri":"https://ipfs.pixura.io/ipfs/QmPHHpVtwo1kFkqB4wCtukpzEx3ZcNJ97PcNCHJi4hcPFD/NEW_BANANA_1_H264.mp4","dimensions":"1920x952","size":"38722816","mimeType":"video/mp4"},"tags":["Surreal","cryptoart","scifi","transhuman","movies","videoart","DMT","PSYCHEDELIC","ALIEN","Timetravel","gif","fashion"]}