{"name":"GENETIC ALGORITHM TWO HUNDRED TWENTY-SEVEN","createdBy":"t.a.r.e.","yearCreated":"2020","description":"0221 - 0330","image":"https://ipfs.pixura.io/ipfs/QmRctTKyPyyCc6dUKL4yxSqdNVbFQU5TxuDXN7Q3Hcybuw/GENETICALGORITHMTWOHUNDREDTWENTY-SEVEN.jpg","media":{"uri":"https://ipfs.pixura.io/ipfs/QmRctTKyPyyCc6dUKL4yxSqdNVbFQU5TxuDXN7Q3Hcybuw/GENETICALGORITHMTWOHUNDREDTWENTY-SEVEN.jpg","dimensions":"5000x5000","size":"473839","mimeType":"image/jpeg"},"tags":["COLOR","GENTICALGORTIHM","HIGHART","DIGITAL","SHAPE"]}