{"name":"Don't Stop","createdBy":"Marble Mannequin (Damian Gaume)","yearCreated":"2020","description":"If someone gets in your way to steal your happiness, just keep going. Even if you are hurt.","image":"https://ipfs.pixura.io/ipfs/QmX2FmL32YBmZYEjE3cm2AsE3c9DDWFC7G96xU6kaP5zTN/DontStopTheMotion.png","media":{"uri":"https://ipfs.pixura.io/ipfs/QmNyxUyokMyqxyi8dAyf2UnSaua8bxA1hLaphFzyCdJRUG/DontStop.mp4","dimensions":"1080x1920","size":"35423443","mimeType":"video/mp4"},"tags":["3drender","animation","laser","scifi","metal","3d","marblemannequin","renderlovers"]}