{"name":"Yeah, I know! But what does it mean?!","createdBy":"Rutger van der Tas","yearCreated":"2020","description":"Slowly but surely I'm getting somewhere safe\nSomewhere digital I can be pixel and brave\nYou can talk to my hand now and let your arrow fly\n'Cause I'm finally out there and not being shy ","image":"https://ipfs.pixura.io/ipfs/QmPFbF5qux9ZRqjSntv57ygenbWVH4bbKriM3WoEAWPv7q/yeahiknowbutwhatdoesitmeanthunb.png","media":{"uri":"https://ipfs.pixura.io/ipfs/QmbLXsh6vf1aj8KoCmQ4PSYfZjfYNt55mhzHotMqkP9jJU/thegardenofeeeden.mp4","dimensions":"1500x2000","size":"42857268","mimeType":"video/mp4"},"tags":["VR","digital","gif","animation","space","new","home","crypto","statue","loop","classical","age","pak","man"]}