{"name":"The Fold Ep1","createdBy":"James Owen","yearCreated":"2020","description":"The Fold, part of my DesignEpisodes series, has been featured in various architectural and design publications around the world. A mesmerizing blend of fine art and motion design. ","image":"https://ipfs.pixura.io/ipfs/QmeoXfucwMm8yyLmZmxCJ7gmbYNtjmT5SjHfk6fxzoZDA7/The_Fold_Ep1.png","media":{"uri":"https://ipfs.pixura.io/ipfs/Qme6wfyyi3rWBCxkFVMJYcM3X81CStjH476GhMM6wWqLXU/The_Fold_Ep1.mp4","dimensions":"1080x1080","size":"13789403","mimeType":"video/mp4"},"tags":["loop","art","abstract","ifyouhigh"]}