{"name":"March 2020 - #6","createdBy":"Richard Garet","yearCreated":"2020","description":"March 2020 - #6 emerged from experimenting with media, material, and process. In this work Garet focuses on the properties of photography combined with repurposing discarded utilities, exploring technological malfunction, and found media to create the work. Garet applied transformative techniques, both tactile-analog and digital, that puts to test and transcends the sole nature of the source materials. The genesis of the work commenced by orchestrating different arrangements between the emission of film’s celluloid onto a projection screen, and a live feed of video connected to the computer for processing and feeding back imagery to the screen composing the work in real time. Garet then captured the combined output as an end result. This artwork was first exhibited at Renaissance 2.0 2.0 curated by Eleonora Brizi / Breezy Art Gallery: @eleonora.brizi The token is paired with a unique print on Hahnemuhle paper. In the secondary market, the token and the print will exist separately from each other. -- Material details: Archival Pigment Print; Hahnemuhle Photo Rag Baryta 315 gr., 100% Cotton, high-gloss finish. Framed in Italy. Size: 38,5 x 53,5 x 2 cm; 15 x 21 inches -- UNIQUE","image":"https://ipfs.pixura.io/ipfs/QmaYVjZBeCmy2sEB2FPd2mumS7KReQPiqiyQnBL16XjPbk/RichardGaret--March2020-6of8.jpg","media":{"uri":"https://ipfs.pixura.io/ipfs/QmaYVjZBeCmy2sEB2FPd2mumS7KReQPiqiyQnBL16XjPbk/RichardGaret--March2020-6of8.jpg","dimensions":"3600x5400","size":"5380828","mimeType":"image/jpeg"},"tags":["Abstraction","ArtDuringCovid","InstallationArt","MultimediaArt","RichardGaret"]}