{"name":"MEDITATION ON AIR","createdBy":"Renderfruit","yearCreated":"2020","description":"Even if I close\nmy eyes to the whispering,\nI want to eat the air. \nCry it out into \na good amount of spheres, \ntheir even size \nmodified to my personal list of thoughts.\n// Original poem. 2052 x 2052 px. 30 fps.10 sec lenght, perfect loop.","image":"https://ipfs.pixura.io/ipfs/QmexKz6NPEer1cujhQgQM8BaaU3f4fsEm7QVbTUQgnUssJ/MEDITATIONONAIR-gigapixel-scale-2_00x.jpg","media":{"uri":"https://ipfs.pixura.io/ipfs/QmdB3b9ZfQPvRoxXjBzf2GrGqWr8ZkPytXj3YVcMeq521h/MEDITATIONONAIR_1.90x_2052x2052_ghq-5.mp4","dimensions":"2052x2052","size":"49461923","mimeType":"video/mp4"},"tags":["3D","3Dart","3Dloop","loop","animation","spheres","BW","SSS","tickles","meditation","air","poetry","token","NFT","ETH","rare","rareart","cryptoart","renderfruit"]}