{"name":"Crowd of the sea","createdBy":"@suryanto","yearCreated":"2020","description":"The oceans and seas have been changing lives since the dawn of time. Is part of who we are, even when it claims souls and dreams.\n\nHumans have always experienced an intense relationship with the oceans. ","image":"https://ipfs.pixura.io/ipfs/QmTXnB1xqm1H9wTEd1xogJN52T2uGNSXC8FBxunSbfNuj1/F.png","media":{"uri":"https://ipfs.pixura.io/ipfs/QmQVEkDwT8dU3PxduuEDiMCvwifuYMEh1MFrsGKxYKFm3K/underwater_2v2.mp4","dimensions":"3000x4000","size":"14361480","mimeType":"video/mp4"},"tags":["animation","abstract","expresionism","drawing","sea","fish","ocean","illustration"]}