{"name":"Tales from the Etherscan.","createdBy":"Mauricio Pommella","yearCreated":"2020","description":"I have done questionable things... and now they are after me.","image":"https://ipfs.pixura.io/ipfs/QmZk2tdC16KGoYHJgVbUhrW9sKHFuoj3R8vqjwXJbCQA2p/THUMBNAIL_2.gif","media":{"uri":"https://ipfs.pixura.io/ipfs/QmVbx7hD8jF4NXenHBdmqCeTxfPPPGZ8vUvB7wm2pxTRvJ/CRYPTO_GAMBLERS_MID_RES.mp4","dimensions":"1920x1080","size":"30513154","mimeType":"video/mp4"},"tags":["animation","illustration","rare","animated","superrare","color","portrait","scifi","blockchain","eth","art","crypto","cryptoart","raredigitalart","digitalart","nft","nftart","drawing","ink","space","robots","comics","cryptoartist","helmets","fineart","binarynoise"]}