{"name":"Climax","createdBy":"Jason Ebeyer","yearCreated":"2020","description":"Climax, 2020 /\nOriginal audio by the\nartist.\nThis is the final artwork I will be tokenizing for 2020.","image":"https://ipfs.pixura.io/ipfs/QmZypyoMVJ9JVR13236MtsJGs3rCUA7hYhmuhEzuFCdAGH/ezgif-4-bf3426aef3bd.gif","media":{"uri":"https://ipfs.pixura.io/ipfs/QmNZ3XMiLR9sArTqiSQEWTcmfR83QLJbfTXYBXTF5wyChR/Emerge.mp4","dimensions":"2188x2500","size":"22142080","mimeType":"video/mp4"},"tags":["jasonebeyer","3dart","3Dart","animation","erotic","surreal","dreamy"]}