{"name":"TINY ROOMS TWO - IN DA CLUB 2020 EDITION","createdBy":"MrY","yearCreated":"2020","description":"The TINY ROOM Series is digital art created as NFT and designed to be shown on IO - https://infiniteobjects.com. A modern Version of the Diorama.\n\nThe winner of this auction also recieves the artwork as physical version with a large INFINITE OBJECT from https://infiniteobjects.com","image":"https://ipfs.pixura.io/ipfs/QmSQjSgtjdX4hM3aHoaQwZ1HX3HnVdaRGpsvegKXdTNd5z/preview.jpg","media":{"uri":"https://ipfs.pixura.io/ipfs/Qmaf1gjtpprn9GQbuVeciSYk1G29SmuyMBM8q67Z7Qyhhe/TINY_ROOM_TWO.mp4","dimensions":"1080x1920","size":"24532633","mimeType":"video/mp4"},"tags":["3D","Club","Covid","NFT","Dance","Corona","2020","MrY","Diorama","Infiniteobject"]}