{"name":"Coincident #2","createdBy":"Mike Almond","yearCreated":"2020","description":"In pixel portals they found similarity, \nand through a window saw the sky.\n//\nIn their place they could compare\nuncertain futures, the rain, a tear.\n//\nA tear before the window,\nrealising they were outside.\n//\nWhen darkness formed a mirror,\nfrom which they could not hide.","image":"https://ipfs.pixura.io/ipfs/QmTrb85wTNhDorsMpTqbZNfcAbLsjioibhbVttttZ6EAtM/coincident-2_00000.jpg","media":{"uri":"https://ipfs.pixura.io/ipfs/QmTrb85wTNhDorsMpTqbZNfcAbLsjioibhbVttttZ6EAtM/coincident-2_00000.jpg","dimensions":"2458x2482","size":"4794396","mimeType":"image/jpeg"},"tags":["GAN","Abstract","Poetry","Portal"]}