{"name":"NumberOne","createdBy":"FrankNitty3000","yearCreated":"2016","description":"Originally commissioned by the China issue of fashion magazine Numero this iconic looping digital motion art piece by FrankNitty3000 marks the beginning of an ongoing dabbling and research in repetition. Given the name of the publication it felt only right to use numbers for titling this and all future works in this original FrankNitty3000 style. This work has been exhibited at NOW Gallery / London and Fukagawa Garage Gallery / Tokyo. 1000 x 1150 px mp4","image":"https://ipfs.pixura.io/ipfs/QmfMZnpsF2MsGYgCrmih1L4Wf4VjBikFm4bzDw9fEGmTg4/FrankNitty3000NumberOne.gif","media":{"uri":"https://ipfs.pixura.io/ipfs/QmPV1UgtSFzri3GHfZHKsaKBAZV7SpbZiTbRVcEUtaSoQu/FrankNitty3000NumberOne.mp4","dimensions":"1000x1150","size":"23187783","mimeType":"video/mp4"},"tags":["franknitty3000","loop","motion","fashion","surreal","surrealism","video","videoart","animation","gif","commissioned","style","videoartist"]}