{"name":"My Reality Is Virtual ","createdBy":"No Paradigms","yearCreated":"2020","description":"No Paradigms self portrait. This is how i look like when i work on a render. \nmy first nft self-portrait ","image":"https://ipfs.pixura.io/ipfs/QmWjhV25syFGqJTXvjFMjJmskZQkwpJqtW6KDyfBFEY4Ai/finalRIV.png","media":{"uri":"https://ipfs.pixura.io/ipfs/QmWjhV25syFGqJTXvjFMjJmskZQkwpJqtW6KDyfBFEY4Ai/finalRIV.png","dimensions":"3000x2500","size":"8883299","mimeType":"image/png"},"tags":["3d","no","paradigms","selfportrait"]}