{"name":"Lightwave","createdBy":"Franklin Fitch","yearCreated":"2020","description":"Have you ever seen a beam of light in deep space, refracted to show it's true colors?","image":"https://ipfs.pixura.io/ipfs/QmZ3nWWd3Qd6ZCh2WSEL9G5rMTu5efjm2VTFX1W4K6Ui6P/Lightwave.png","media":{"uri":"https://ipfs.pixura.io/ipfs/QmZ3nWWd3Qd6ZCh2WSEL9G5rMTu5efjm2VTFX1W4K6Ui6P/Lightwave.png","dimensions":"2048x2048","size":"2400981","mimeType":"image/png"},"tags":["signed","lightwave","cryptofitch","franklinfitch"]}