{"name":"Mixed Feelings","createdBy":"@number41","yearCreated":"2019","description":"“Part of me suspects that I'm a loser, and the other part of me thinks I'm God Almighty.”\n\n― John Lennon","image":"https://ipfs.pixura.io/ipfs/QmQ5BF4YMosjvwP51iUxdoKeEnJtYeGqVd4tm5jfTDX2gb/MixedFeelings_cover.png","media":{"uri":"https://ipfs.pixura.io/ipfs/QmTaepG3W7f1B1NoQhKaCDjFACb95fpfpc8aG2soWWPYvY/MixedFeelings_LD.mp4","dimensions":"1080x1080","size":"48165550","mimeType":"video/mp4"},"tags":["3d","animation","art","design","digitalart","graphicdesign","maya","feelings","glitch"]}