{"name":"REꓷЯUM","createdBy":"alecttn","yearCreated":"2020","description":"The iconic twins from \"The Shining\" are now adults and ready to kick asses.","image":"https://ipfs.pixura.io/ipfs/QmXizTkQKJtF5cFMe23fKjjGABQatpan7VsfHUucztLJDM/shiningtwins.png","media":{"uri":"https://ipfs.pixura.io/ipfs/QmXizTkQKJtF5cFMe23fKjjGABQatpan7VsfHUucztLJDM/shiningtwins.png","dimensions":"2953x2952","size":"8529049","mimeType":"image/png"},"tags":["alecttn","AlessiaCottone","altcoin","TheShining","StanleyKubrick","StephenKing","Twins","NFT","cryptoart","ethereum","SuperRare","drawing"]}