{"name":"\"JEFF IN THE CLUB\"","createdBy":"Cory Van Lew","yearCreated":"2020","description":"M-Sun, 7 days a week, 12 months a year, every holiday, 365, we in the club.","image":"https://ipfs.pixura.io/ipfs/QmWHphVsGGTjnQa2UyUSCyfrYF4U7uzfoyit4Yt1z4FNvg/nft-indaclub-thumb.png","media":{"uri":"https://ipfs.pixura.io/ipfs/QmSyvofHKqWAAyXMuLHVHagAehuTHmPQF48vUnE6QMbtaQ/NFT-INDACLUB.mp4","dimensions":"2016x2704","size":"8329758","mimeType":"video/mp4"},"tags":["blackart","vanlew","abstract","portrait","picasso","animated"]}