{"name":"The Island Guardian","createdBy":"Craig Blackmoore","yearCreated":"2020","description":"The Island Guardian is one of the Goddesses of my universe. She's part human, part spirit, and part machine making her a deity of physical and technological advancement and safety. She is always seen traveling with a parade of lights believed to be souls of humans and animals that connect with her love. In this scene she is talking to 3 girls who have found their way to one of her Islands.  Can you see the 3 girls? ","image":"https://ipfs.pixura.io/ipfs/Qmck3oDZB2ydWAU5MuoWTCGhdwoB4z1AvEzhQa923eu12a/ezgif-5-d4370b67e47d.gif","media":{"uri":"https://ipfs.pixura.io/ipfs/QmPww1EVGGK6BwnbgCeUye8WpA1Upohz68YECmUFJvziNa/Island_Guardian_NFT.mp4","dimensions":"2304x2304","size":"45423612","mimeType":"video/mp4"},"tags":["animation","3d","surreal","loop","blackart"]}