{"name":"Merge","createdBy":"Lifelongfiction","yearCreated":"2019","description":"Cell creation.\n\n2000px x 2000px","image":"https://ipfs.pixura.io/ipfs/QmSTzQinQrsUVxStUuaNNDZU8YUXoLNvDKeRBdYW54VvbZ/Lifelongfiction_Mege_G.gif","media":{"uri":"https://ipfs.pixura.io/ipfs/QmUBVWPeEycNRBWAKQEhBiFTBULkFh7HVrtJCBGWa8y68o/Lifelongfiction_Merge.mp4","dimensions":"2000x2000","size":"8456769","mimeType":"video/mp4"},"tags":["lifelongfiction","illustration","abstract","cryptoart","gif","dreamlike","surreal"]}