{"name":"A star is born","createdBy":"Twistedpoly","yearCreated":"2020","description":"A new beginning, abstract representation of a star being born, made up of millions of small elements with original audio. 1920x1920px video.","image":"https://ipfs.pixura.io/ipfs/QmP1fF1txZAFEziiZ2XMHbEc1cTEdhDLvGnDjgqdKDKpkF/A_Star_is_born.gif","media":{"uri":"https://ipfs.pixura.io/ipfs/QmWrAE9vXR7jUafYwnkttZBRzxDNRpM5fzpZYwdNbvsgYK/A_star_is_born.mp4","dimensions":"1920x1920","size":"47302198","mimeType":"video/mp4"},"tags":["3d","animation","design","star","new","particles","abstract","art","glossy","shiny","glitter","3D"]}