{"name":"Jitsuyō-teki 実 用 的","createdBy":"yusaymon","yearCreated":"2020","description":"This is the sign that I had waited for so long. ","image":"https://ipfs.pixura.io/ipfs/QmUZGJWC3u2vbhnQvGuBKYhFYfAfU8Rf6VkVeexJAWyZvb/Pragmatic.jpg","media":{"uri":"https://ipfs.pixura.io/ipfs/QmUZGJWC3u2vbhnQvGuBKYhFYfAfU8Rf6VkVeexJAWyZvb/Pragmatic.jpg","dimensions":"5535x8605","size":"6708607","mimeType":"image/jpeg"},"tags":["awakening","collection","collector","comtemporary","crypto","cryptoart","currency","draw","drawing","ETH","ethereum","expressionism","gold","jpeg","NFT","NFTs","nonfungible","old","omnipresent","paint","painter","painting","parts","pieces","present","quest","rare","run","saymon","series","sold","super","superrare","today","token","tokens","traditional","yu","yusaymon","Jitsuyteki"]}