{"name":"the V01D / 019-001","createdBy":"Joshua Davis","yearCreated":"2021","description":"The V01D is a generative program written using processing (JAVA) + GLSL shaders. This unique render 019-001 (animation 019, variable/shader set 001), with audio by Ben Lukas Boysen (https://benlukasboysen.com) is a 30 second real-time generative animation that is accompanied with 11 rendered stills (still images 11885 × 11885 px). Buyer has the option of choosing ONE of the rendered stills which will be printed 24 x 24 in (60.96 x 60.96 cm) and shipped to you anywhere in the world.","image":"https://ipfs.pixura.io/ipfs/QmWEtCPz4WQbzQKwo1diK8AL6Bs2fFT9qFABbi9qcTE2Zn/003.png","media":{"uri":"https://ipfs.pixura.io/ipfs/QmPJWK5yYqqRpcPD1BdWhiE2h5bvoepG31VC7aY62jggtC/019_001_crypto.mp4","dimensions":"988x1080","size":"46504378","mimeType":"video/mp4"},"tags":["abstract","abstractart","algorithm","algorithmicart","benlukasboysen","codeart","computationalart","creativecodeart","creativecoding","crypto","generative","generativeart","glsl","joshuadavis","madewithcode","mathart","physicalprint","praystation","processing","softwareart","superrare"]}