{"name":"Keep Me In Your Pocket","createdBy":"Myriad","yearCreated":"2020","description":"Keep me in your pocket, there at least I know I'll always be near you. You might be thoughtless but at least I still remain, lingering ","image":"https://ipfs.pixura.io/ipfs/QmbM68PSTwEu9SXB8eNfwyFMYrEP7wfXwukyhF3DBvnBP5/IMG_0480.jpg","media":{"uri":"https://ipfs.pixura.io/ipfs/QmbM68PSTwEu9SXB8eNfwyFMYrEP7wfXwukyhF3DBvnBP5/IMG_0480.jpg","dimensions":"1200x1723","size":"709253","mimeType":"image/jpeg"},"tags":["surreal","surrealism","poem","poetry","myriad","myriadinart"]}