{"name":"artonomous 32,881","createdBy":"Pindar Van Arman","yearCreated":"2021","description":"AI imagined painting created in a collaboration between artonomous, Kitty Simpson, and Pindar Van Arman. Kitty provided artonomous with a highly curated set of portraits. Pindar provided the robot with the data behind over one thousand previous robotic paintings. The robot then spent several months painting studies of more than fifty portraits using Kitty's photos with Pindar's data to fine tune it's algorithms. For this portrait, it used all of its training, practice, deep learning, and feedback loops to imagine a new image and render it with 32,881 brushstrokes on canvas.","image":"https://ipfs.pixura.io/ipfs/QmRQDCgkuA1QSck5c4kw9KxrArj3CsE67KN3y4qNq7Afcp/artonomous_2021_01_02_b.jpg","media":{"uri":"https://ipfs.pixura.io/ipfs/QmRQDCgkuA1QSck5c4kw9KxrArj3CsE67KN3y4qNq7Afcp/artonomous_2021_01_02_b.jpg","dimensions":"3280x3280","size":"3754102","mimeType":"image/jpeg"},"tags":["portrait","artonomous","ai","deeplearning","robotart","painting","generative","creativeai"]}