{"name":"Re-Cities","createdBy":"Annibale Siconolfi","yearCreated":"2020","description":"What will the cities of the future be like? \nRE-CITIES is one of the megacities of the future that I imagined. Modeled entirely in 3d,  this work tells us about a future civilization forced to a vertical expansion due to total saturation of the building land.","image":"https://ipfs.pixura.io/ipfs/QmYU8XzKP9H2iaZBpyBiJm1a8zcufjEvJZMUzvytSuyLoL/re-cities.png","media":{"uri":"https://ipfs.pixura.io/ipfs/QmYU8XzKP9H2iaZBpyBiJm1a8zcufjEvJZMUzvytSuyLoL/re-cities.png","dimensions":"2400x3000","size":"13963657","mimeType":"image/png"},"tags":["3d","3dart","future","megacities","architecture","annibalesiconolfi"]}