{"name":"Hallways Scenes For Things To Regret","createdBy":"Malavida","yearCreated":"2020","description":"If you’re familiar with Interpol’s track « Rest My Chemistry » you might recognize where that title comes from. It’s no secret that a lot of my artworks are inspired by songs and this is a really special one to me. I’ve been referring to this track several times throughout my creative journey, naming pieces after some of its lyrics as a way to remind me to celebrate and be grateful for each year of sobriety. So naturally, for my 6th year, I’ve sticked to this tradition and created « Hallways Scenes For Things to Regret », a complex yet bright piece of work. See it as some sort of battle between dusk and dawn. Sobriety is a rollercoaster, it’s disturbing, painful, but also beautiful and enlightening. These are all feelings I wanted to convey for my first drop. It’s me, and it’s special. My creative journey had a huge impact on sticking to sobriety. It taught me so much. Patience, Passion, Love, Resilience... And I’m so grateful to be able to share it with you today. Overall, I feel like this artwork sums up a lot about finding peace through chaos. Hope you’ll enjoy as much as I do.","image":"https://ipfs.pixura.io/ipfs/QmZDd7R9AaYvon4NvWAv9FVBn6VxHuQmcjf1F92w7EWbup/hallways-scenes-for-things.jpg","media":{"uri":"https://ipfs.pixura.io/ipfs/QmZDd7R9AaYvon4NvWAv9FVBn6VxHuQmcjf1F92w7EWbup/hallways-scenes-for-things.jpg","dimensions":"4000x5600","size":"8082475","mimeType":"image/jpeg"},"tags":["malavida","maalavidaa","alyciarainaud","abstract","digitalart","psychedelic","trippy","iridescent","holographic","colorful","surreal"]}