{"name":"Dogs dream of baked chicken legs","createdBy":"KaySha","yearCreated":"2021","description":"Our dog is a sleepyhead and when we see him sleeping we wonder what he dreams about and since he is a wolverine we thought chicken. \n\nOur dog is black but maybe his spirit is not. ","image":"https://ipfs.pixura.io/ipfs/QmQ9z1azCRZHm854SdTRoTBME58BWZzPjLwZYmb3ga2KC5/DogDreamxtoken.gif","media":{"uri":"https://ipfs.pixura.io/ipfs/QmQ9z1azCRZHm854SdTRoTBME58BWZzPjLwZYmb3ga2KC5/DogDreamxtoken.gif","dimensions":"1920x1018","size":"13596911","mimeType":"image/gif"},"tags":["Kaysha","Dog","Dream","Chicken"]}