{"name":"FUTURE BILLBOARDS TWO - LOST PROMISES","createdBy":"miss al simpson","yearCreated":"2021","description":"Future Billboards is the new collection by digital graffiti artist, Miss AL Simpson, where she brings us a glimpse of a series of billboards from the future, all exhibited at Future Art in Sydney. Ripped luxury, neon graffiti and layers of marketing messages all vie for attention on these digital billboards. Miss AL Simpson steps into the VR charged time machine and travels to the future, to tear up these massive billboards and apply layers and layers of collage, graffiti and drawing to create these complex digital graffiti landscapes. \"If Anna Louise Simpson’s digital collages look familiar, it’s because they mine the coincident streams of pre-pandemic consumer culture, the iconography of luxury fashion brands that suffused our sub-conscious before the virus made all that redundant, and the ripped-up fragments of a post-punk sensibility that critics keep telling us is no longer relevant but which, somehow, continues to resonate, especially in these uncertain days.\" C.C. O'HANLON. For further information about these works, please visit https://www.annalouisesimpson.com/future-billboards","image":"https://ipfs.pixura.io/ipfs/QmdW9GNvyRKfVVab2SMQ84BhE6H8sJZnb6iE3VHnVgNVu8/FUTUREBILLBOARDS2.png","media":{"uri":"https://ipfs.pixura.io/ipfs/QmdW9GNvyRKfVVab2SMQ84BhE6H8sJZnb6iE3VHnVgNVu8/FUTUREBILLBOARDS2.png","dimensions":"4252x3012","size":"23367743","mimeType":"image/png"},"tags":["FUTUREART","FUTUREBILLBOARDS","DIGITALGRAFFITI","DIGITALCOLLAGE"]}