{"name":"Can't Escape from this Place.","createdBy":"Anthony Sims","yearCreated":"2021","description":"Trapped inside a simulation.","image":"https://ipfs.pixura.io/ipfs/QmSkKG6VDSW3xXht46CzD1ABVTZpTYFH9tFFjdDx5SKQR6/IMG_0503.jpg","media":{"uri":"https://ipfs.pixura.io/ipfs/QmRFYcc8QBrUEB8TX5dyt89gE4qaRJ6kBvv1d6s6MqWpjs/video-output-7EB6A971-FA72-4480-882F-374B3D8F36C0.mp4","dimensions":"2160x2160","size":"4935374","mimeType":"video/mp4"},"tags":["AnthonySims","Expressionism","Animation","SuperRare","Rare","Animated","Illustration"]}