{"name":"The Sailor","createdBy":"FEWOCiOUS","yearCreated":"2021","description":"i don't know what's ahead and i can't be certain. moving onward and upward, my friend... at least im trying.","image":"https://ipfs.pixura.io/ipfs/QmRY5qJmMG3Xh9SRGBux4JY64SjnboaXy2zCKi9aN8LUdP/ezgif-5-8f83e580a68e.gif","media":{"uri":"https://ipfs.pixura.io/ipfs/QmPfWWyLRDd3TQUF9RwsPMrQZXjKmpoUsboStw9vZoex6n/thesailorfewociousfutureart2.mp4","dimensions":"834x1042","size":"5337455","mimeType":"video/mp4"},"tags":["surrealism","surreal","abstract","animated","animation","fewocious","superrare","life"]}