{"name":"Surprise Gold","createdBy":"Roger Kilimanjaro & Nicolas Daniel","yearCreated":"2021","description":"Reality can be surprising sometimes. Nuances and wonders, hidden underneath the surface. Surprise Gold is a collaborative piece featuring the mesmerizing work of the coder & visual artist Nicolas Daniel. A unique blend of elegant mathematics and delightful 3d rendering.","image":"https://ipfs.pixura.io/ipfs/Qmbrmbu4GUE2DdF66teR64yAa5kfrtZk2FfZpRd46pvppF/SurpriseGold.gif","media":{"uri":"https://ipfs.pixura.io/ipfs/QmV4BKw75dtmtFTdeYnC42HtVoUikgj7uhT3iYKVYo8zof/SurpriseGold.mp4","dimensions":"1080x1080","size":"50859226","mimeType":"video/mp4"},"tags":["3d","surreal","geometric","loop","gold","animation","rogerkilimanjaro","nicolasdnl"]}