{"name":"GUY","createdBy":"tommy","yearCreated":"2021","description":"[Here’s our best attempt to capture what’s written on the page.\n\n… BE TAKEN IMMEDIATELY TO SAVE THE\n...THE CONSTITUTION\n...Colon NOW as Acting National Security\n...him with getting the evidence of ALL the\n...in the election and all information regarding\n...using people he knows who already have security\n...done massive research on these issues\n...at Fort Mead [sic]. He is an attorney with cyber-\n...expertise and is up to speed on election issues.\n...Insurrection Act now as a result of the assault on the\n...martial law if necessary upon the first hint of any\n[STRIKETHROUGH]\n...Sidney Powell, Bill Olsen, Kurt Olsen,\n...DOD. Move Kash Patel to CIA Acting.\n...on Foreign Interference in the election. Trigger\n...powers. Make clear this is China/Iran\n...also used domestic actors. Instruct Frank\n...evidence on...the more broad\n...likely amount...\n...line...evidence] – Washington Post Jan. 15, 2021 at 8:00 p.m. CST . . . GIF 2020 × 2020px 2021 ()","image":"https://ipfs.pixura.io/ipfs/QmNr7DE9dnjcRDVdE1iNYkaXy3ty5ukGs9Gazg79TBjopR/GUY-tommy.gif","media":{"uri":"https://ipfs.pixura.io/ipfs/QmNr7DE9dnjcRDVdE1iNYkaXy3ty5ukGs9Gazg79TBjopR/GUY-tommy.gif","dimensions":"2020x2020","size":"456225","mimeType":"image/gif"},"tags":["2021","Trump","MyPillow","Guy","God","Christ","Jesus","Lindell","Mike","Savior","SuppressTheEvil","BreakTheAlgorithms","BeatTheEvil","Pray"]}