{"name":"Sheets of Controversy","createdBy":"Marble Mannequin (Damian Gaume)","yearCreated":"2020","description":"One of the most viral videos that I ever made, with nearly 70 million views to date, on TikTok alone. It went around the world and back!\n\nControversy surrounds this video on many social media platforms, with many people stating that the way the metal sheets unfold is impossible, whilst others claiming it is correct. Even world recognized engineers and metal sheet workers added to the debate!\n\nThe collector will receive a signed digital frame.\n\nRendered in Blender (Cycles) in approximately 16 hours.\nModeling and animating time: 81 hours.\nSound design: 2 hours.","image":"https://ipfs.pixura.io/ipfs/QmaB6DRhVaiMuSk6TpSEKWh5Wx6ijnGLUYnxmPKGChA7fx/CuttingRollsOfSheetFinal.00_00_02_14.Still001.png","media":{"uri":"https://ipfs.pixura.io/ipfs/QmfVR1JexkcHr8eXCEiss12rEUAFp95BzHCQ5XUQ29CJr6/CuttingRollsOfSheetFinal.mp4","dimensions":"1080x1920","size":"36623320","mimeType":"video/mp4"},"tags":["viral","oddlysatisfying","3drender","photorealism","animation","marblemannequin","damiangaume","australia"]}