{"name":"Sweet Crypto Dreams, The Little Latent Nymph","createdBy":"Helena Sarin","yearCreated":"2020","description":"Assemblage of my original drawing and AI generated imagery trained on my sketches (latentDoodles)","image":"https://ipfs.pixura.io/ipfs/Qmcyvw6VhYD7qfRcP8oR3e5M3NSuvwdHQ3nXqTwDw9Zmwe/sweet-dreams-srr.png","media":{"uri":"https://ipfs.pixura.io/ipfs/Qmcyvw6VhYD7qfRcP8oR3e5M3NSuvwdHQ3nXqTwDw9Zmwe/sweet-dreams-srr.png","dimensions":"2760x2760","size":"7251492","mimeType":"image/png"},"tags":["NeuralBricolage","AIArt","LatentDoodles","GANCollage","GenerativeArt","FineArt","prettyInGAN"]}