{"name":"Welcome-EP#3","createdBy":"Effect Pieces","yearCreated":"2020","description":"The third of the #Refugee series of crowdsourced #cryptoart on the Blockchain. Individual # of pieces: 2025. Original artwork by: @natehill. Nate Hill, an accomplished artist, has donated the original artwork for this Piece. The title of the original work is \"Welcome\" and was specifically made for this social initiative. All proceeds from this auction go towards buying computers and IT equipment for refugee centers in collaboration with the UNHCR, WorldVision and Effect.AI. The winner of the auction will also get the digital still image of the final Piece (4800x4800px).","image":"https://ipfs.pixura.io/ipfs/QmZcqdHBgfDSK4y6SthRSXfWimh2LVGhCMs6MUk8tBHx3X/EP3_nate-hill_400x400.gif","media":{"uri":"https://ipfs.pixura.io/ipfs/QmYwHvmKot5TZ5U7r8hBMy6YfN5XGwjTao2PxWgbMstbd5/EP3_nate-hill_1920x1920.mp4","dimensions":"1920x1920","size":"16788147","mimeType":"video/mp4"},"tags":["animation","crowdsourced","cryptoart","rare","socialart","refugees"]}