{"name":"LOLA AND THE METAVERSE","createdBy":"miss al simpson","yearCreated":"2021","description":"As lockdown restrictions wound tighter and tighter around her freedom, Lola fell down the rabbit hole of the metaverse. The grey mundanity of masked shoppers and snitching twitching curtains was left far behind within the neon brightness of the virtual. Life for Lola was now completely meta.","image":"https://ipfs.pixura.io/ipfs/QmU3UShiEtxv94a4QBVLMLcoXkXM9TZuAYakzafVRJXNt1/LOLA.png","media":{"uri":"https://ipfs.pixura.io/ipfs/QmU3UShiEtxv94a4QBVLMLcoXkXM9TZuAYakzafVRJXNt1/LOLA.png","dimensions":"4960x5236","size":"26117926","mimeType":"image/png"},"tags":["DIGITALCOLLAGE","LOCKDOWN","METAVERSE"]}