{"name":"Don't Trust the Monkey's Paw.","createdBy":"Joren Cull","yearCreated":"2021","description":"This illustration was originally published in the magazine, \"Maisonneuve\". It was later turned into this surrealistic breathing animated image. It is one of a kind representation of the darker sides of planet earth..\n\n1/1 Single Edition, Animated Loop,\n850x1100px.\n\nADDITIONALLY an extremely limited run of only 4 physical prints can be bought by emailing me here - joren.cu.the.third@gmail.com if interested. One has already been sold as I type this. \n\nGoodluck! ","image":"https://ipfs.pixura.io/ipfs/QmeJjfFoCTtoHWQMdPcLGvkDUdDddHCjGHe9awwsyZ4B1G/Comp-1_00005.gif","media":{"uri":"https://ipfs.pixura.io/ipfs/QmVyCpTv4czY8eh1vr5BEaiRSXKNDNwUgSTjmruwjJeZ3c/Comp1_3.mp4","dimensions":"850x1100","size":"24869200","mimeType":"video/mp4"},"tags":["animation","superrare","illustration","collectable","limited","gif","cryptoart","loop","cartoons","colors","digitalart","digitalillustration","art","motion","surreal","2D","illuminati","oneofakind","limitededition","oneofone","breathingimage"]}