{"name":"Coffee Break","createdBy":"Eran Mendel","yearCreated":"2021","description":"Yin & Yang, 900X900 px, 110 frames","image":"https://ipfs.pixura.io/ipfs/QmSy62ymaw67dvrUN518b9HKCPwZCi1xmNuz3gadiuX4Hh/coffee_beeak.gif","media":{"uri":"https://ipfs.pixura.io/ipfs/QmSy62ymaw67dvrUN518b9HKCPwZCi1xmNuz3gadiuX4Hh/coffee_beeak.gif","dimensions":"900x900","size":"450943","mimeType":"image/gif"},"tags":["2d","illustration","illustrated","animation","animated","motion","loop","eranmendel","gif","bw"]}