{"name":"Bernie","createdBy":"Sinclair","yearCreated":"2021","description":"Bernie Sanders becomes a fashion icon at the presidential inauguration. Created with one line only.","image":"https://ipfs.pixura.io/ipfs/QmW86ApptB9c94pr5ABMbzeyotqoorPR9qApemeJVKweDW/Bernie.JPG","media":{"uri":"https://ipfs.pixura.io/ipfs/QmW86ApptB9c94pr5ABMbzeyotqoorPR9qApemeJVKweDW/Bernie.JPG","dimensions":"3200x3600","size":"498444","mimeType":"image/jpeg"},"tags":["bernie","oneline","abstract","illustration","surreal","drawing","sinclair"]}