{"name":"So it begins...","createdBy":"MadMaraca_7","yearCreated":"2021","description":"-Last part of the \"Simulation Trilogy\"\nVoxel Art (made of 3D pixels/little cubes called \"voxels\")","image":"https://ipfs.pixura.io/ipfs/QmbbFDEsP1gx9CtvdeepMJc4nCyWSaZ9gKLXZzwUDhtoNk/twitter.jpg","media":{"uri":"https://ipfs.pixura.io/ipfs/QmRa59UGos3ByznktvrfAL4NBbdLv9XjLHqEF9Dgk7D1FP/4k_3.mp4","dimensions":"3840x3632","size":"6753845","mimeType":"video/mp4"},"tags":["3d","3dart","voxel","voxelart","madmaraca","concept","nature","simulation","matrix","animated","animation"]}