{"name":"Path to Infinity","createdBy":"Eliseo H. Zubiri","yearCreated":"2020","description":"Audio/Visual piece.\nResolution 1920 x 1920. \nFrame rate 30 fps.","image":"https://ipfs.pixura.io/ipfs/QmcPSH5sTgRbiqPwrhPyi4RdQUfX9rSmBZDe3aCDhhJe9p/iceriver_still_thumbnail_2.png","media":{"uri":"https://ipfs.pixura.io/ipfs/QmXSx6i7xfXBueAa2ETzeH1HTNhXmR1ciTUe6Dd5ApxbL1/IceRiver_FInal3.mp4","dimensions":"1920x1920","size":"51664505","mimeType":"video/mp4"},"tags":["Animation","Cgi","3D","Meditation","eliseohz","Transcend"]}