{"name":"Microcosmos 7 - A clew of worms","createdBy":"https://superrare.co/uweheinedebrodt","yearCreated":"2021","description":"\nPart of the #orchestraofcrickets exhibition on the 5th Feb 2021 in Cryptovoxels.\n\nThere are microcosmic worlds in nature that we do not observe and only imagine\n, which are full of colors and shapes. they must be wonderful!","image":"https://ipfs.pixura.io/ipfs/QmSBa8UbDYC9zhgC4SwrWxr1jCW4jNLdTjFxAWvuE7EaqB/Microcosmos7-Aclewofworms.gif","media":{"uri":"https://ipfs.pixura.io/ipfs/QmSBa8UbDYC9zhgC4SwrWxr1jCW4jNLdTjFxAWvuE7EaqB/Microcosmos7-Aclewofworms.gif","dimensions":"600x800","size":"42437898","mimeType":"image/gif"},"tags":["orchestraofcrickets","abstract","organic","art","gif","gifart","shape","color","nature","3d","microcosmos","worms"]}