{"name":"Another Patrol","createdBy":"Karl Poyzer","yearCreated":"2021","description":"An exploration of Trappist One, a tidally locked dwarf planet that enjoys a permanent sunset.  ","image":"https://ipfs.pixura.io/ipfs/QmRJq2aUNqibmRehPcjr7PTSkDN6ZzgmxARQptCSxgLe9S/File_000.png","media":{"uri":"https://ipfs.pixura.io/ipfs/QmRJq2aUNqibmRehPcjr7PTSkDN6ZzgmxARQptCSxgLe9S/File_000.png","dimensions":"5818x3273","size":"11055722","mimeType":"image/png"},"tags":["Sciencefiction","scifi","space","surreal"]}