{"name":"Trash Must Burn","createdBy":"atlaude","yearCreated":"2021","description":"Trash must burn, self accepted self destruction. Belongs to Saboteur Me, a complete illustrated and animated project covering Self Sabotage. Concept, Illustration and animation: Atlaude Sound design and original music: Tonetest Sound Studio","image":"https://ipfs.pixura.io/ipfs/QmaxRcQBj5oCbnHxaNjvbEKrZ4Q92yquLqAsPX3YQi1H75/trashmustburn.png","media":{"uri":"https://ipfs.pixura.io/ipfs/QmRoocgfgPn4oQACBkYuyQfHGxkoFrmn7jXe6Um1K1njb2/trashmustburn.mp4","dimensions":"2320x2160","size":"3917254","mimeType":"video/mp4"},"tags":["animation","illustration","2d","character","fire","burning","punishment"]}