{"name":"Shower of Stars","createdBy":"Daniella Attfield","yearCreated":"2021","description":"Fragments fall down to earth----\nIn ribbons of bright light----\nThe wind pulls through her hair---\nIt's a warm summer's night.\n","image":"https://ipfs.pixura.io/ipfs/QmPVrd5BGhTM3EFqBTyWCEXJR7Sh2N31uaQvZpz3Z5YsTx/MeteorShower.png","media":{"uri":"https://ipfs.pixura.io/ipfs/QmPVrd5BGhTM3EFqBTyWCEXJR7Sh2N31uaQvZpz3Z5YsTx/MeteorShower.png","dimensions":"4540x6000","size":"45821705","mimeType":"image/png"},"tags":["lineart","illustration","digitalart","portrait","sky","stars","lines","night","impressionism"]}