{"name":"Into the Vortex","createdBy":"dannystern","yearCreated":"2020","description":"Look into the eye of space and time, dive into the vortex through the tunnel of your mind","image":"https://ipfs.pixura.io/ipfs/QmSbuFYmHtzJgZWwSaNTSHZGUK8T69xJBRBNMxXZ4f7xSQ/IntoTheVortex.gif","media":{"uri":"https://ipfs.pixura.io/ipfs/QmW5N6KeNKrtwkWeYrCFEbFzoYaGywmFH72XmQQrZqUiie/IntoTheVortex.mp4","dimensions":"1080x1080","size":"49188128","mimeType":"video/mp4"},"tags":["animation","motion","2d","3d","surreal","psychedelic","danny","stern","dannystern","abstract","design"]}