{"name":"Phantom","createdBy":"Ben Mauro","yearCreated":"2013","description":"Prototype: 'Phantom'. Advanced cybernetic military drone. 2550x3500 pixels. ","image":"https://ipfs.pixura.io/ipfs/QmfTsiNi7Ad1bQxZqW8evhUZe7zkio4wpj3wfTQB5apyBz/SR_Phantom4_BenMauro.jpg","media":{"uri":"https://ipfs.pixura.io/ipfs/QmfTsiNi7Ad1bQxZqW8evhUZe7zkio4wpj3wfTQB5apyBz/SR_Phantom4_BenMauro.jpg","dimensions":"2550x3500","size":"7827425","mimeType":"image/jpeg"},"tags":["3d","3dart","benmauro","character","cyberpunk","scifi","robot","illustration","nft","original","rare","superrare"]}