{"name":"fields-05","createdBy":"Midge \"Mantissa\" Sinnaeve","yearCreated":"2021","description":"An ode to vector fields.\n(7680x7680px)","image":"https://ipfs.pixura.io/ipfs/QmWJcJ7NowRRq5kLdZWrCjvgK92tPxWmzf26BwtLr4k5Gt/fields-05_CRYPTO.jpg","media":{"uri":"https://ipfs.pixura.io/ipfs/QmWJcJ7NowRRq5kLdZWrCjvgK92tPxWmzf26BwtLr4k5Gt/fields-05_CRYPTO.jpg","dimensions":"7680x7680","size":"30662798","mimeType":"image/jpeg"},"tags":["bnw","monochrome","vector","field","strand","strands","CG","3D","digital","abstract","form","geo","geometric","circle","circles"]}