{"name":"PINK MIST","createdBy":"Shorsh","yearCreated":"2021","description":"“A pleasant pause to chill out staring at a soft and fluffy cumulonimbus cloud”.\n1/1 Edition. Animated loop. 720x900px. Duration: 108 frames, 12 fps (9 secs) MP4. Soundless.","image":"https://ipfs.pixura.io/ipfs/QmcNzt8N9NYiTZWPQ3oYPMRytg9HHEK4ED5LJymzn9PfSV/PinkMistbyShorsh_Preview.jpg","media":{"uri":"https://ipfs.pixura.io/ipfs/QmapgUojAMjMb2PxAJ1yDZdzSWJREJf2zh8CtCYmpnAyxW/PinkMistbyShorsh-01.mp4","dimensions":"720x900","size":"1378538","mimeType":"video/mp4"},"tags":["Shorsh","3D","3Dart","animation","surreal","art","colorful","motiongraphics","video","loop","rare","psychedelic"]}