{"name":"Novum Renaissance","createdBy":"gary Cartlidge","yearCreated":"2021","description":"As the digital world crosses the planes it leaves a mess in unnatural order. Mixing real with meta and leaving people in pieces. The view is not what it once was, how far back must we go to pull it back together? Piece is mixed digital paint, photography and vector. ","image":"https://ipfs.pixura.io/ipfs/QmVxDre8xuTcPdQZGSMMFd2x4HUoo7UYnCvtGWTTEkYiEA/novumrenaissancegarycartlidge.png","media":{"uri":"https://ipfs.pixura.io/ipfs/QmSBrTT5Cr9H9hiNfsgv6ieezAxQLEL8G4j2gGWDYz466C/Novumrenaissance.mp4","dimensions":"2776x1940","size":"9136232","mimeType":"video/mp4"},"tags":["abstract","surreal","broken","expressionism","digitalart","crossover","unnatural","meta","newmedia","future","past","surrealism"]}