{"name":"𝑜𝒸𝓉𝑜 π","createdBy":"@danieljakobian","yearCreated":"2021","description":"🐙","image":"https://ipfs.pixura.io/ipfs/QmQyTKwDcfqi2rLfKSuKc9ammhxrmm25zp27BFKSQXfC6k/octo.gif","media":{"uri":"https://ipfs.pixura.io/ipfs/QmQyTKwDcfqi2rLfKSuKc9ammhxrmm25zp27BFKSQXfC6k/octo.gif","dimensions":"512x512","size":"15719595","mimeType":"image/gif"},"tags":["abstract","digitalart","GAN","generative","generativeart","organism","rare","superrare","surreal","surrealism","universe","octopus","octopie_all_the_why"]}