{"name":"DRAG QUEEN SUPERSTAR","createdBy":"KaySha","yearCreated":"2021","description":"There are people who discriminate against those who are different (and thankfully, everyone is different). In some families they get kicked out for who they are.  Fortunately, there are other people who accept them. \nAnd some of those can become DRAG QUEEN SUPERSTARS. \nIn our opinion, KaySha, they are charming and fun!\n","image":"https://ipfs.pixura.io/ipfs/QmPi7Ho9hfzVRyJfvsw1TBee2GsEdcymdq8Us1FfxpBEtn/Drag.gif","media":{"uri":"https://ipfs.pixura.io/ipfs/QmPi7Ho9hfzVRyJfvsw1TBee2GsEdcymdq8Us1FfxpBEtn/Drag.gif","dimensions":"1397x1665","size":"10659815","mimeType":"image/gif"},"tags":["DRagQueen","Kaysha","SuperStar"]}