{"name":"Avoiding The Void (Pain Everywhere)","createdBy":"Ambiguous","yearCreated":"2021","description":"The spaces in between love hurt, yet how else can we guided to the light.","image":"https://ipfs.pixura.io/ipfs/Qme3cydFjn6HS6Zc6juAo7daUiFxbAYv8NWNzeuYKb4uLB/YourPain.png","media":{"uri":"https://ipfs.pixura.io/ipfs/Qme3cydFjn6HS6Zc6juAo7daUiFxbAYv8NWNzeuYKb4uLB/YourPain.png","dimensions":"4032x2967","size":"7769068","mimeType":"image/png"},"tags":["DarkNight","HowToLove","Distractions","TheVoid","FindTheLight","InnerLight"]}