{"name":"Spring","createdBy":"Nolan Pelletier","yearCreated":"2021","description":"50 Frame Loop\n\n1800 x 1800 PX ","image":"https://ipfs.pixura.io/ipfs/QmQnAaGkioC5kL48o3dS25nT7LRHRz1nQmj9THKe6ZkbBL/FlowerSmaller_1.gif","media":{"uri":"https://ipfs.pixura.io/ipfs/QmNoqqtHbFTiSeqeXJ24Z3JPit2Xnh3TQJWvCxhxiANvm9/Trimmed.mp4","dimensions":"1800x1799","size":"7472527","mimeType":"video/mp4"},"tags":["animation","color","colorful","loop","sun","flower","psychedelic","illustration","trippy","NolanPelletier","pattern"]}