{"name":"Inner Tranquility","createdBy":"Marble Mannequin","yearCreated":"2021","description":"Underneath it all. Where all is pure and unbiased. Where not even the strongest wind can influence you inner tranquility.\n\nWearing headphones is highly recommended.\n","image":"https://ipfs.pixura.io/ipfs/QmUUB8hk77XmRE7hY8a1JVikUnEsvgQiqR1upPVqDoixoh/rectanglepeelandslice.png","media":{"uri":"https://ipfs.pixura.io/ipfs/Qmb7PPRw4yLy6nySbY5mmRifRr1sT4MDnU9h9mhd1EMsWq/RectanclePeelandSliceFinal.mp4","dimensions":"1080x1920","size":"47367970","mimeType":"video/mp4"},"tags":["surreal","photorealistic","3drender","animation","australia","marblemannequin","viral","oddlysatisfying","relaxing"]}