{"name":"Patience 01","createdBy":"Adam Swaab","yearCreated":"2021","description":"This is the first piece in my “Patience” series. In the world of 48 frame loops and short attention spans, this piece asks the viewer to slow down and experience a minute. It is a moment of time, but also a moment to pause, reflect, study forms, light and shapes - a moment to consider your place in the now. 1080x1920 30 FPS .mp4 1 minute","image":"https://ipfs.pixura.io/ipfs/QmVxGiDpFAGCXUHjZQ1XT9ewgg4kqiAXVpfCiaHm2pUngY/patience_v001.gif","media":{"uri":"https://ipfs.pixura.io/ipfs/QmeUXqN9EMhtXXKMD1LQ1MgdcNEUR1aY6ktK2HPXktWaj3/patience_v001_SR.mp4","dimensions":"1080x1920","size":"52006768","mimeType":"video/mp4"},"tags":["3D","loop","slow","animated","blackandwhite","Swaab","meditation","animation","vertical"]}