{"name":"Trypophobia","createdBy":"Ruye","yearCreated":"2017","description":"Be careful with this piece if you suffer from trypophobia!","image":"https://ipfs.pixura.io/ipfs/QmeMgnW5FWaV7nsvTAsNd3wb8WctBkPZ3rHfQSWgAmNfcb/57d7f063698051.5ab974ae1c86e.png","media":{"uri":"https://ipfs.pixura.io/ipfs/QmeMgnW5FWaV7nsvTAsNd3wb8WctBkPZ3rHfQSWgAmNfcb/57d7f063698051.5ab974ae1c86e.png","dimensions":"1500x1500","size":"18022595","mimeType":"image/png"},"tags":["art","c4d","houdini","museum","3d","cgi","trip","Trypophobia","drug"]}