{"name":"Already Gone","createdBy":"mbsjq","yearCreated":"2021","description":"Real museums are places where Time is transformed into Space.\nAstro & The Universe by mbsjq. 1/1, Single Edition.","image":"https://ipfs.pixura.io/ipfs/QmT7W5GvSBqd9iF98Qpzs7Q3X79Z18RQ4Bc56VZ1gBygGp/SR_AlreadyGone_mbsjq.jpg","media":{"uri":"https://ipfs.pixura.io/ipfs/QmT7W5GvSBqd9iF98Qpzs7Q3X79Z18RQ4Bc56VZ1gBygGp/SR_AlreadyGone_mbsjq.jpg","dimensions":"1920x2400","size":"1508821","mimeType":"image/jpeg"},"tags":["3d","3D","astroandtheuniverse","space","astro","spacex","cgi","scifi","surreal","3Dart","mbsjq"]}