{"name":"CypherCore","createdBy":"neurocolor x skygolpe","yearCreated":"2021","description":"—Just an average day in crypto land.\n\nA collaboration between skygolpe and neurocolor","image":"https://ipfs.pixura.io/ipfs/QmdwwMDyeg4CrCfEgG6ioNTVMTuqBaW563zXcjzSTDCTMq/skygolpexneurocolor-CypherCore.gif","media":{"uri":"https://ipfs.pixura.io/ipfs/QmdwwMDyeg4CrCfEgG6ioNTVMTuqBaW563zXcjzSTDCTMq/skygolpexneurocolor-CypherCore.gif","dimensions":"909x1200","size":"47117677","mimeType":"image/gif"},"tags":["cypherpunk","fineart","holographic","digitalart","skygolpe","neurocolor","psychedelic","future","crypto","typography","graphicdesign","poster"]}