{"name":"So Much Potential","createdBy":"donalleniii x Keenan Spencer aka Alchemist Easel","yearCreated":"2021","description":"This is my first Superrare collaboration with artist Keenan Spencer aka Alchemist Easel. My goal with this collaboration is to help show talented 2D artists like her just how much potential there is with Cryptoart. The feeling I had when I saw my first piece sell on Superrare is an experience I would like her to have. Cryptoart has empowered me to “come out” as an Artist and not just consider myself a digital-creating-servant. We used my 3D skills to model and animate the floating screen and her 2D skills to illustrate a timelapse honoring Vitalik Buterin the co-founder of Ethereum. I believe in this new economy and the community that surrounds crypto and want to welcome more creatives like Keenan into this exciting space! Enjoy the original audio created by me.\n","image":"https://ipfs.pixura.io/ipfs/QmXchBWZp8hoosXET9ys5q1PorUSg6BvfJASZrScUqcZvD/So_Much_Potential.png","media":{"uri":"https://ipfs.pixura.io/ipfs/QmUkNSE5RM7vPthfuS8bDXWGNGqXv2CMuEi6NuYXx6usnr/So_Much_Potential.mp4","dimensions":"1280x1280","size":"23397019","mimeType":"video/mp4"},"tags":["looping","2d","3d","collaboration","audioreactive","donalleniii","AlchemistEasel"]}