{"name":"The Hole","createdBy":"Annibale Siconolfi","yearCreated":"2020","description":"\"The Hole\" represents the coexistence between technology and nature. The perfectly circular shape is meant to symbolize\nthe human impact on nature. \n","image":"https://ipfs.pixura.io/ipfs/QmbDVoN6JE781b31ZdJGX8HSpkEnyaAHfyJj8Wze5xKjjL/TheHole.png","media":{"uri":"https://ipfs.pixura.io/ipfs/QmbDVoN6JE781b31ZdJGX8HSpkEnyaAHfyJj8Wze5xKjjL/TheHole.png","dimensions":"3200x4000","size":"25302719","mimeType":"image/png"},"tags":["3d","3dart","scifi","illustration","surreal"]}