{"name":"The Devil's Abode","createdBy":"Stijn Orlans","yearCreated":"2020","description":"'The Devil's Abode' is the most popular artwork I've made to this day. It's a 3D render with a size of 5000 by 4000 pixels.","image":"https://ipfs.pixura.io/ipfs/QmeCKh6Q6Cyn4CmCqT1PvWAVpd5jc6fFs81jB3eYiP1ofw/CloudyHouseOriginal.jpg","media":{"uri":"https://ipfs.pixura.io/ipfs/QmeCKh6Q6Cyn4CmCqT1PvWAVpd5jc6fFs81jB3eYiP1ofw/CloudyHouseOriginal.jpg","dimensions":"4000x5000","size":"13963754","mimeType":"image/jpeg"},"tags":["3d","surreal","3dart","3D","color","superrare","render","pastel","pink","blue","c4d","C4D","octane"]}