{"name":"Encounter","createdBy":"bakaarts","yearCreated":"2020","description":"Feel my presence. Merge with me. Synergize // 4000x5000","image":"https://ipfs.pixura.io/ipfs/QmVuSg2TY3VvnYEUZQ3q8fa2gEWTXyT9Wavvg5bzRBUhjp/Encounter_FULL.jpg","media":{"uri":"https://ipfs.pixura.io/ipfs/QmVuSg2TY3VvnYEUZQ3q8fa2gEWTXyT9Wavvg5bzRBUhjp/Encounter_FULL.jpg","dimensions":"4000x5000","size":"17353466","mimeType":"image/jpeg"},"tags":["3d","bakaarts","render","illustration","surreal","space","cyberpunk","scifi"]}