{"name":"Stream","createdBy":"Petio","yearCreated":"2021","description":"An invisible river that carries you away - \n2D and 3D animation - 2000x2000 mp4 video loop","image":"https://ipfs.pixura.io/ipfs/Qmdtaes2p5AZYHgY7LiZ8MWoaaEEa3WyUwmtNRjuNRtDa3/sky_preview.gif","media":{"uri":"https://ipfs.pixura.io/ipfs/QmWqrapMQY9EhVJ31X6o5WJuaQMVAQ1kJtcx9LXrqWQTqc/skyhalf0001-0143.mp4","dimensions":"2000x2000","size":"24233483","mimeType":"video/mp4"},"tags":["animation","2D","3D","loop","cat","cats","animated","colors","sun","wiggle","wave","bleu","pink","yellow","clouds","cloud","social","sky","sunset","stream","river","bicolor","cute","animal","flock","orange"]}