{"name":"Interstellar","createdBy":"toomuchlag","yearCreated":"2021","description":"“Hope not ever to see Heaven. I have come to lead you to the\nother shore; into eternal darkness; into fire and into ice.” 1440x1800px, 30fps. Loopable. Score by Fibonoire.","image":"https://ipfs.pixura.io/ipfs/QmcgN69cBTPoPV37Rfum2XUW3y9tS2vnRvXr2FiUX731vX/Interstellar_toomuchlag-x-SR_thumbnail.jpg","media":{"uri":"https://ipfs.pixura.io/ipfs/QmRLpR4JDXaTqDp6ZR8viMqKo4vdTYHbTmmq8UtKL36cyg/Interstellar_toomuhclagxSR_50mb.mp4","dimensions":"1440x1800","size":"49816047","mimeType":"video/mp4"},"tags":["3d","3dart","abstract","animation","futuristic","scifi","surreal","toomuchlag","cgi","superrare","space","universe","gods","ether","loop"]}