{"name":"South Parks Stan And Kyle Reimagined","createdBy":"Travis Davids","yearCreated":"2021","description":"I visualized real human versions of South Parks iconic characters Stan Marsh and Kyle Broflovski. I also wanted them to be older. They are in their late teens in my reimagining.\nI merged both 3D and 2D workflows to create these characters. Everything is 3D except for the faces which were generated using artificial intelligence. I uploaded a 3d rendered image of a face to Artbreeder and I let the A.I generate a believable face for me. I also combined another A.I program called Faceapp which allowed me to generate additional expressions. Merging these workflows together is so much fun, I encourage artists to embrace A.I. as it's an extremely useful tool.\n\nPrograms used\n- Daz Studio for generating a base character to work with.\n- Marvelous Designer & Zbrush for creating and detailing the characters outfits.\n- Blender for additional scene props & accessories\n- Cinema 4D & Octane Render to assemble and render the scene.\n- Artbreeder & Faceapp for generating the faces.\n- Photoshop for post work and merging the A.I face back onto the 3D render.","image":"https://ipfs.pixura.io/ipfs/QmeLg1CoQGciK84PkPSdiTGbBc4F9rASxyzQmnHnwUp5wX/StanMarshAndKyleBroflovskiReimagined-ByTravisDavids.png","media":{"uri":"https://ipfs.pixura.io/ipfs/QmeLg1CoQGciK84PkPSdiTGbBc4F9rASxyzQmnHnwUp5wX/StanMarshAndKyleBroflovskiReimagined-ByTravisDavids.png","dimensions":"2392x2344","size":"6075438","mimeType":"image/png"},"tags":["3D","3DArtists","Art","ArtificialIntelligence","CGI","Cryptoart","Cryptoartists","StanMarsh","KyleBroflovski","ETH","Illustration","NFT","rare","render","SouthPark","Superrare","TravisDavids"]}