{"name":"YEARN ❉ Emotion Paradox Series ❉ 1 of 4 ","createdBy":"Animalitoland","yearCreated":"2021","description":"Wishing for something you cannot have or get easily, or something treasured in the past. These distant colors shine with confusion: Is the impossible what makes them beautiful? Are they really unreachable, or is there a part of them already living within us? ❧ YEARN is the 1st of the 4 pieces from the EMOTION PARADOX series. This series aims to visualize strong complex emotions, difficult to describe with just words. Looking at them “in the face” is a good way to start coexisting and accepting them, a part of us .·:·.✤.·:·. DIGITAL PAINTING based on a previous series of my own, exhibited at Pictoplasma’s “Form follows Empathy” (Berlin 2015) .·:·.✤.·:·. 4000 x 3500 PNG","image":"https://ipfs.pixura.io/ipfs/QmNu41EezFjnxsSMmWYNAeacoNpfZhorRzThRQ4B4YzUmS/EmotionParadox_YEARN_by_animalitoland.png","media":{"uri":"https://ipfs.pixura.io/ipfs/QmNu41EezFjnxsSMmWYNAeacoNpfZhorRzThRQ4B4YzUmS/EmotionParadox_YEARN_by_animalitoland.png","dimensions":"4500x3508","size":"47391593","mimeType":"image/png"},"tags":["emotions","surreal","surrealism","Popsurrealism","lowbrow","newcontemporary","color","digitalpainting","illustration","characterart","portrait"]}