{"name":"guéhniu","createdBy":"Ariel Lu","yearCreated":"2021","description":"guéhniu\n\n| WIND YOUKAI |\n\nNamed after Lady Moon in Taiwanese. A youkai can only be spotted during full moon. \n\nPower | Truth Reveal Mirror\n\n| The power can't be used when the soul cage behind is broken.\n\n","image":"https://ipfs.pixura.io/ipfs/QmatXBs1oW8vo5RbBQRtkYHR7HaNucy58BJrx7LeS6r98m/thumbnail.png","media":{"uri":"https://ipfs.pixura.io/ipfs/Qmd1DVe7uHqViFDa74XvJBu4JzCfcJQheBJn6RgvCA67D3/guehniu_FINALUPLOAD.mp4","dimensions":"1080x1350","size":"50514567","mimeType":"video/mp4"},"tags":["3D","fantasy","kawaii","creepy","moon","monster"]}