{"name":"Choose Wisely","createdBy":"Crack","yearCreated":"2017","description":"Your life is not the real game,  it's a simulation. Play wisely.","image":"https://ipfs.pixura.io/ipfs/QmZ2jddCq7cEe8ugJxMSzHnVLc7oXAFQT59oMc4buuHAH6/essent_01.jpg","media":{"uri":"https://ipfs.pixura.io/ipfs/QmWrsBY2euZaqyrQRWHTPXnycoohttd8fCSKsbTWk9EtKk/ChooseWisely_nosound.mp4","dimensions":"1000x1000","size":"12970191","mimeType":"video/mp4"},"tags":["crack","graffiti","streetart","cryptoart","animation","superrare","surreal","illustration","animated","drawing","3D","3Dart","cyberpunk","neotokyo"]}