{"name":"Sunday Sermon","createdBy":"Grant Yun","yearCreated":"2021","description":"Part of the recently completed \"Midwest\" collection. A romanticism of life in the Midwest of the United States. With heavy influence from 20th century artists, this series is a digital exploration of the 1930s art movement of American Regionalism.","image":"https://ipfs.pixura.io/ipfs/QmbmENC3Kgex9hRCXuPqatQ9S78BXKKEZJmoYovEh5b8jR/SUNDAY-SERMON.jpg","media":{"uri":"https://ipfs.pixura.io/ipfs/QmbmENC3Kgex9hRCXuPqatQ9S78BXKKEZJmoYovEh5b8jR/SUNDAY-SERMON.jpg","dimensions":"4250x5667","size":"6727025","mimeType":"image/jpeg"},"tags":["surreal","surrealism","2d","2dart","2D","landscape","superrare","rare","color","illustration"]}