{"name":"Music is All","createdBy":"Nacho Frades / Liceoty","yearCreated":"2021","description":"Musical piece in collaboration with the great composer Liceoty. With Sound!","image":"https://ipfs.pixura.io/ipfs/QmSJnA2L4xTmgXP51vJenav87uQcnXj8BN6gb3JLjFiQQy/Musicisall.gif","media":{"uri":"https://ipfs.pixura.io/ipfs/QmYwBi3hcDTrSVPdT77QKoqCt68GPNskjC5U7eKNM9n2DA/Musicisall.mp4","dimensions":"1080x1080","size":"26383614","mimeType":"video/mp4"},"tags":["music","3d","3dart","nachofrades","nacho_frades","liceoty"]}