{"name":"Feeding Time","createdBy":"bananakin","yearCreated":"2021","description":"Flock of birdies all gather for a quick snack. ","image":"https://ipfs.pixura.io/ipfs/QmXAxoMhosqbAA5QXwEVevVn85c4sdebDfkdxS4DmzdQhC/0424_022321_1080x1920_2.gif","media":{"uri":"https://ipfs.pixura.io/ipfs/QmeHJrNsXtGMpqLz1Ae5jkMoLTGMXMg5i66Kc7QZBfzsHJ/FeedingTime_1080x1920_002.mp4","dimensions":"1080x1920","size":"20636444","mimeType":"video/mp4"},"tags":["birds","snack","painting","animation","2d","illustration","bananakin"]}