{"name":"FLESHED OUT DETAIL","createdBy":"sprice_studio","yearCreated":"2021","description":"Derived from an apophenically generated painting.","image":"https://ipfs.pixura.io/ipfs/QmdeFViQUBN5YsSuXEnBXaNgoRWGoHQGMv1vCCH8r2vp82/Untitled-1copy.png","media":{"uri":"https://ipfs.pixura.io/ipfs/Qmavp2EGUdpBfPwRdy8LVkgU6uiS63dwWrDzeSWPAHayrs/TVDetailExperiment.mp4","dimensions":"3002x3002","size":"15747486","mimeType":"video/mp4"},"tags":["acrylic","painting","edit","glitch","glitchedit","video","gif","paint","acryliconcanvas","trippy","landscape","abstract","visionary","undergroundart","nycartist","nycart","bostonartist","chagall","surreal","surrealism","surrealartist","apophenia","pareidolia"]}