{"name":"Suspending_Disbelief_pt3","createdBy":"LEViT∆TE","yearCreated":"2021","description":"Pt. 3: Interactive .glb (AR/VR)\n\"Suspending Disbelief\" is a three part series focused on using mixed mediums in digital art to further immerse the viewer in the concept.\nRead more on the concept and breakdown of the project here, https://editorial.superrare.co/2021/02/25/levit%e2%88%86te-working-with-mixed-media-in-the-nft-space/","image":"https://ipfs.pixura.io/ipfs/Qmd5jyVRPNKkKYrnXCkvuaSSXpPhmhirB2a2N88pjQtucq/Suspendingdisbeliefglbprev.png","media":{"uri":"https://ipfs.pixura.io/ipfs/QmXkAcDJKuY4EuwnEKkwRC6CyqJ2DKoch9XgWFpuoDNZhc/SuspendDisbeliefGLB.glb","dimensions":null,"size":"48762196","mimeType":"model/gltf-binary"},"tags":["glb","interactive","robotics","dystopian","LEViTTE","suspendingdisbelief"]}