{"name":"Primitives","createdBy":"Andy Duboc","yearCreated":"2019","description":"This animation has been generated in realtime with code. It use a mathematical concept called 'Distance Field' to blend shapes one into another - Details: 2048x2048, Loop, 250 Frames, 25 FPS","image":"https://ipfs.pixura.io/ipfs/QmZem4jqwmwQrM6AKAgsY9u9GCjyaArhqJi1o6Pfw47enr/image_0050.png","media":{"uri":"https://ipfs.pixura.io/ipfs/QmaY7YzwJbjgG46A2RNveccm7aWvCAtoBmDmfjydAB1prr/Artwork004.mp4","dimensions":"2048x2048","size":"51984062","mimeType":"video/mp4"},"tags":["procedural","3d","3dart","abstract","Abstract","animation","code","realtime","simulation","andbc"]}