{"name":"CORD","createdBy":"Aswoood","yearCreated":"2020","description":"Animated Object Head Character. Vector animation meets a real-world texture total of 36frame looped 1500X1500PX - Plug Head - CORD","image":"https://ipfs.pixura.io/ipfs/QmUkt2oUWZ56YsKq6xpz6sVYJvo6rFSx22VkNAuSsU17K7/Cord_SuperRare.gif","media":{"uri":"https://ipfs.pixura.io/ipfs/QmUkt2oUWZ56YsKq6xpz6sVYJvo6rFSx22VkNAuSsU17K7/Cord_SuperRare.gif","dimensions":"1500x1500","size":"24421598","mimeType":"image/gif"},"tags":["animation","character","gif","loops","objecthead","surreal","illlustration","surrealism","color","animated","aswoood"]}