{"name":"Ora","createdBy":"MadMaraca_7","yearCreated":"2021","description":"Sound On ^^\nVoxel Art (made of 3Dpixels/little cubes called \"voxels\")\n-Sound Design: Tyler Shields","image":"https://ipfs.pixura.io/ipfs/QmWzNVn1xDFqb8FnrH3BkdyN2Qb5BVu5eiMHrk2XMeQz3G/C_4k_Seq_00062.png","media":{"uri":"https://ipfs.pixura.io/ipfs/QmUoRg2ovZsct2AYmM6DtMbL3KqkgCc9RYcpZKo5wjKdWd/C_4k_01_2_lessbit_music.mp4","dimensions":"3840x3840","size":"49736136","mimeType":"video/mp4"},"tags":["3d","3dart","animation","voxel","voxelart","madmaraca","isometric","nature","cube","ambient","dream"]}