{"name":"Garden","createdBy":"Giant Swan","yearCreated":"2021","description":"Created in collaboration with Varien, The first in a short series not even titled yet, but it felt important to share this creative journey as it's happening.\n\n\"The bouquet around my resting place melts me into the warm ground, It breathes around me and It tolerates me like an old thorn. The garden reshapes myself and the others around, where we will wait to emerge anew. Whatever I shall be, it shan't be human. I am consumed.\"","image":"https://ipfs.pixura.io/ipfs/QmVYRxyAbNB3rEbwGWnSkqWiJ8BkBTzAuApzyTzKztkbcp/asdasd.png","media":{"uri":"https://ipfs.pixura.io/ipfs/QmckyJTnTQJZYhwi6yrx3n2Kz162FJT21Vxbezcz6TMBwx/garden.mp4","dimensions":"3840x2160","size":"40503949","mimeType":"video/mp4"},"tags":["Varien","GiantSwan","Music","Loop","Video"]}