{"name":"Low Life","createdBy":"Dangiuz","yearCreated":"2021","description":"Politics, money, corruption... It's hard to get by when you're alone with your cat.","image":"https://ipfs.pixura.io/ipfs/QmcNAADFW6aPQjVo4FNd8Z6EVH8up6tj1HpfZsFWw338yD/LOWLIFE_SR.jpg","media":{"uri":"https://ipfs.pixura.io/ipfs/QmcNAADFW6aPQjVo4FNd8Z6EVH8up6tj1HpfZsFWw338yD/LOWLIFE_SR.jpg","dimensions":"2200x2750","size":"11913637","mimeType":"image/jpeg"},"tags":["cyberpunk","fantasy","dangiuz","surreal","3D","3Dart","scifi","space","illustration","color"]}