{"name":"LIFE","createdBy":"WGMeets","yearCreated":"2021","description":"Encapsulated it survives if the impurities surround.\nProtect her.","image":"https://ipfs.pixura.io/ipfs/QmQaBdoWQYP7FDPvhoWvYKHSCT9RNqTgGmMzGYDtUCwX4A/Capsule.png","media":{"uri":"https://ipfs.pixura.io/ipfs/QmQaBdoWQYP7FDPvhoWvYKHSCT9RNqTgGmMzGYDtUCwX4A/Capsule.png","dimensions":"5760x3080","size":"39659478","mimeType":"image/png"},"tags":["WGMeets","Abstract","Fractal","AbstractExpressionism","Generative","Vivid","Nature","Pollution"]}