{"name":"The Royal Bath","createdBy":"Pajaritaflora Digital","yearCreated":"2021","description":"Acrylic on canvas 2000x2000, 30fps, 25-second loop.  A colorful liquid abstract surface under constant turbulent motion.  Sink deep into this painting as the surface bubbles and froths around you. ","image":"https://ipfs.pixura.io/ipfs/QmcYxcQpErD2m4XyeogVLyPr6pFFqWXci12SBeDdAcx2DB/TheRoyalBath-Thumbnail.gif","media":{"uri":"https://ipfs.pixura.io/ipfs/QmYFrM9Va96rU8rGFv4wP8jV7hNUdDJiWZsBsfUuznE5Gu/TheRoyalBath-2000x2000-x264-30fps-14500kbps-slower.mp4","dimensions":"2000x2000","size":"44846281","mimeType":"video/mp4"},"tags":["abstract","rare","color","animated","painting","fluid","purple","blue","dark","psychedelic","generative"]}