{"name":"digital mass IV","createdBy":"der_probst","yearCreated":"2021","description":"a flickering gate at the end of my suffering. the digital mass trembling ruins hold the last piece of our memory. remember the transition to the new world.  a new beginning. buried in the digital transformation. the screen shines the new promise in my face. but the more I hope towards infinity my body grows cold.  it is a life of error of celebration and defeat. hope and destruction mummified and shining cold light. how long can you look inside until you are destroyed.\n\n","image":"https://ipfs.pixura.io/ipfs/QmWPR9nYtntXsdB5kbUMQyf2yPSH6WmFLHHfyyjqHekBsj/digital_clouds_5.gif","media":{"uri":"https://ipfs.pixura.io/ipfs/QmWPR9nYtntXsdB5kbUMQyf2yPSH6WmFLHHfyyjqHekBsj/digital_clouds_5.gif","dimensions":"2560x1440","size":"43224549","mimeType":"image/gif"},"tags":["3d","3D","animation","digital","painting","GAN","generative","ruin"]}