{"name":"AirDrop Jordan 1","createdBy":"Trey Holt","yearCreated":"2021","description":"Animated drawings of one of the most iconic shoes of all time, in red. (1920 x 1920)","image":"https://ipfs.pixura.io/ipfs/QmZzG4MkfqA1QXos7K29BXMWKjpvHzxWBpW7ynEgmmrbGB/Jordan_1_x_decentartwork_v001_TH.GIF","media":{"uri":"https://ipfs.pixura.io/ipfs/QmZzG4MkfqA1QXos7K29BXMWKjpvHzxWBpW7ynEgmmrbGB/Jordan_1_x_decentartwork_v001_TH.GIF","dimensions":"1920x1920","size":"1680929","mimeType":"image/gif"},"tags":["2d","illustration","gif","animation","hype","traditional","art","motion","drawing","treyholt","decentartwork"]}