{"name":"Domed city #1","createdBy":"emanshiu","yearCreated":"2015","description":"Domed city #1\n---------------------\n\n4000X2016 Digital painting------\n\n\nA very personal work based on a story I’ve been writing about our world in the future. This has been a project in the works for the last 10 years. This first image is of the Domed city #1, the oldest and the first domed city to ever be built. Unfortunately the technology was not adequate to properly condition the air. As the years went by , the air conditioning turbines couldn’t keep up and as a result, The air quality is less than Ideal. \n","image":"https://ipfs.pixura.io/ipfs/QmbgDHnrSRqRkbQsz2Fq11DfaTCCr8ucnyrCDtV1jBBZ5H/emmanuel-shiu-coi-paint2-2000.jpg","media":{"uri":"https://ipfs.pixura.io/ipfs/QmbgDHnrSRqRkbQsz2Fq11DfaTCCr8ucnyrCDtV1jBBZ5H/emmanuel-shiu-coi-paint2-2000.jpg","dimensions":"4000x2016","size":"1409005","mimeType":"image/jpeg"},"tags":["3d","3dart","2d","2dart","environment","illustration","story","emanshiu","rare","scifi","future","mood","mech","robot","smoke","pollution","emmanuelshiu"]}