{"name":"Tribute to Dante III - Ragna","createdBy":"Marinos","yearCreated":"2021","description":"Based on the illustrations by painter Sergio Marino from the \"Divine Comedy\" by author Dante Alighieri (Italy's national poet, 1265 -1321). A tribute to Dante´s visionary journey through the afterlife in the realm of hell, to mark the 700th anniversary of his death. ","image":"https://ipfs.pixura.io/ipfs/QmZ6dTP7EvnhULnrn9odERZrpec5US5q77Ysx6mM5KxMQR/RAGNA.gif","media":{"uri":"https://ipfs.pixura.io/ipfs/QmZ6dTP7EvnhULnrn9odERZrpec5US5q77Ysx6mM5KxMQR/RAGNA.gif","dimensions":"1028x1080","size":"40055100","mimeType":"image/gif"},"tags":["Dante","Alighieri","700Anniversary","DevineComedy","Hell","Inferno","SpiderSoul"]}