{"name":"\"CURRENT MOOD\"","createdBy":"Alex Pardee","yearCreated":"2021","description":"We all hide our actual mood behind a smile. Or at least we TRY to. \n\n24-frame hand drawn, hand colored and photographed animation loop using traditional animation techniques, and assembled digitally.","image":"https://ipfs.pixura.io/ipfs/QmYNtFdUm922Xcx9dyfxhhDr9nqTTbh7mKnFr1FdKfYgdu/CurrentMoodThumbnail.jpg","media":{"uri":"https://ipfs.pixura.io/ipfs/QmNkTrjmywMqeMSx4FwVHsXZqcR4hrt4CezhBUyo8kctaa/CurrentMood1.mp4","dimensions":"2800x2000","size":"23299147","mimeType":"video/mp4"},"tags":["alexpardee","brightmares","animation","2d","horror","cartoon","anime","bright","colorful"]}