{"name":"Insomnia","createdBy":"Dangiuz","yearCreated":"2019","description":"\"With insomnia, nothing is real. Everything is far away. Everything is a copy of a copy of a copy...\"","image":"https://ipfs.pixura.io/ipfs/QmdgXuEgU813qH2Ctpzo95YHgymq55znkbE5Lt7yuEcELJ/INSOMNIA.jpg","media":{"uri":"https://ipfs.pixura.io/ipfs/QmdgXuEgU813qH2Ctpzo95YHgymq55znkbE5Lt7yuEcELJ/INSOMNIA.jpg","dimensions":"1098x1350","size":"617383","mimeType":"image/jpeg"},"tags":["dangiuz","cyberpunk","scifi","surreal","fantasy","3D","3Dart","illustration","superrare","color"]}