{"name":"DREAD ❉ Emotion Paradox Series: 2 of 4 ","createdBy":"Animalitoland","yearCreated":"2021","description":"Starting as a small desire to avoid something, this fear grows as you turn your back on it. It imperceptibly escalates until the chills down your spine are impossible to deny. Then, is time to follow the shadows and find its origin. It won’t disappear, but might get light enough to fit in your pocket.  ❧ DREAD is the 2nd of the 4 pieces from the EMOTION PARADOX series. This series aims to visualize strong complex emotions, difficult to describe with just words. Looking at them “in the face” is a good way to start coexisting and accepting them, a part of us .·:·.✤.·:·. DIGITAL PAINTING based on a previous series of my own, exhibited at Pictoplasma’s “Form follows Empathy” (Berlin 2015) .·:·.✤.·:·. 4500 x 3500 PNG","image":"https://ipfs.pixura.io/ipfs/QmPMub3jtTZb8d1G4AP9dgZymAzxUqN24Fu4pYYUeeSMhL/EmotionParadox_DREAD_by_animalitoland.png","media":{"uri":"https://ipfs.pixura.io/ipfs/QmPMub3jtTZb8d1G4AP9dgZymAzxUqN24Fu4pYYUeeSMhL/EmotionParadox_DREAD_by_animalitoland.png","dimensions":"4500x3508","size":"47389906","mimeType":"image/png"},"tags":["Characterart","color","digitalpainting","emotions","illustration","lowbrow","newcontemporary","Popsurrealism","Portrait","Surreal","surrealism"]}