{"name":"Nonsense","createdBy":"Peter Tarka","yearCreated":"2021","description":"Nonsense-\nDigital Installation by Peter Tarka.\nI was always inspired by the big rooms, bright lights and super clean spaces of modern art galleries. Before lockdown I enjoyed my time sitting by the river and watching expositions at Tate Modern. The main idea behind that project was to create a gallery space that I can ‘visit’ sitting at my desk. The installation it’s called Nonsense- at first you just see random objects and a bunch of colors, then you start realising everything that means is the right balance. 3000x3750","image":"https://ipfs.pixura.io/ipfs/Qmf5NmdTNbxp3uxvrSEYKZVCzEWxHHt5frQUBXbiL6gAoY/NONSENSE_PeterTarka_SR.png","media":{"uri":"https://ipfs.pixura.io/ipfs/Qmf5NmdTNbxp3uxvrSEYKZVCzEWxHHt5frQUBXbiL6gAoY/NONSENSE_PeterTarka_SR.png","dimensions":"3000x3750","size":"9871368","mimeType":"image/png"},"tags":["3d","3dart","abstract","architecture","art","c4d","colors","contemporary","design","geometric","light","modern","petertarka","pink","render","set","setdesign","studio","surreal","modernart","gallery","museum"]}