{"name":"Distopia","createdBy":"Reverse","yearCreated":"2021","description":"Dystopia is a vision of today's young people in which social networks destroy our being and divide us from the real world","image":"https://ipfs.pixura.io/ipfs/Qmb7xNHAtwqMMSLDv71LiHmiaza4Z4X7V6e5TUfD1pXWpp/distopia.jpg","media":{"uri":"https://ipfs.pixura.io/ipfs/Qmb7xNHAtwqMMSLDv71LiHmiaza4Z4X7V6e5TUfD1pXWpp/distopia.jpg","dimensions":"4752x4592","size":"5649111","mimeType":"image/jpeg"},"tags":["3d","distopic","girl","abstract"]}