{"name":"Angel","createdBy":"Cristiana Vettor","yearCreated":"2021","description":"For \"Angel\" Deng Jia Xi, a 19-year-old shot dead during protests in Myanmar. Open your wings, and be free.","image":"https://ipfs.pixura.io/ipfs/QmcsmmcUrX1YxGxHZAkSzwMghQPv72wnf5fpNi4sux2H9y/Angel2.png","media":{"uri":"https://ipfs.pixura.io/ipfs/QmR4fMqs8bmpHVy64xgCv2XdeYmeC19Ew3N5GnFLJ51Ac1/Angel-mov.mp4","dimensions":"1520x2160","size":"1456743","mimeType":"video/mp4"},"tags":["angel","DengJiaXi","freedom","myanmar","cryptoart","NFT","cryptoartist"]}