{"name":"Dead Pixel","createdBy":"pix","yearCreated":"2021","description":"Exclusively on SuperRare, only 1 Edition to ever exist. A picture is worth a thousand words. A GIF is worth a book worth of words. And art is worth more than an entire library. Portraying Crypto Art at its best.","image":"https://ipfs.pixura.io/ipfs/QmQNw9SEGdA8jUsriRhKeeoE2f55j1ApAZjZXYDdsyjitf/skull_img.png","media":{"uri":"https://ipfs.pixura.io/ipfs/Qmc6eGfiNgWv9Y3LqMpJKP4aXTX4zmhvyQdicNx6bTcBG9/DeadPixel.mp4","dimensions":"920x1250","size":"47610728","mimeType":"video/mp4"},"tags":["skull","digital","art","pix","pixels","superrare"]}