{"name":"I am Not Satoshi","createdBy":"@suryanto","yearCreated":"2021","description":"Life's greatest challenge comes from within.","image":"https://ipfs.pixura.io/ipfs/QmRyKfRspZnGZYyABn3N8kZQcXFLLrJKLWUAF6sZruXmVi/20210305_122737.gif","media":{"uri":"https://ipfs.pixura.io/ipfs/QmeMZ3SAzgMRm8x86ygHcajcfBcv2cMvrBSuFymVoJGCc1/YouCut_20210305_121826957.mp4","dimensions":"2880x2160","size":"46539649","mimeType":"video/mp4"},"tags":["Illustration","Abstract","Animation","Expressionism","Human","Spirit","SportX"]}