{"name":"Hold Me","createdBy":"FrankNitty3000","yearCreated":"2017","description":"Extremely rare still image by animation artist Frank Nitty 3000.\n\nOriginally commissioned by undisclosed collector in 2017.\nONE physical copy of this artwork exists as a print on Lexan glass in a private collection. \n3500 x 5000 px .png ","image":"https://ipfs.pixura.io/ipfs/QmdGuEn24Mq9rFQ6b9U7MaR1ELLLmzUcfiwC43x725YxKm/N2017FrankNitty3000.png","media":{"uri":"https://ipfs.pixura.io/ipfs/QmdGuEn24Mq9rFQ6b9U7MaR1ELLLmzUcfiwC43x725YxKm/N2017FrankNitty3000.png","dimensions":"3500x5000","size":"17470793","mimeType":"image/png"},"tags":["photography","blackandwhite","frank","nitty","3000","franknitty3000","surreal","contemporary","art","rare","model","nude"]}