{"name":"Dreamweaver","createdBy":"Mark Constantine Inducil","yearCreated":"2021","description":"Trapped in an everlasting dream, able to do anything and everything, a dreamweaver’s existence is so bittersweet. || Created in Cinema 4d, Octane and Photoshop || 3858px × 5456px || Mark Constantine Inducil 2021","image":"https://ipfs.pixura.io/ipfs/QmT1bHngTcM3pif8i7pcrQSARksZHAzyb2V6AfKLmQcyRH/Mark-Inducil-Dreamweaver-NFT-335.png","media":{"uri":"https://ipfs.pixura.io/ipfs/QmT1bHngTcM3pif8i7pcrQSARksZHAzyb2V6AfKLmQcyRH/Mark-Inducil-Dreamweaver-NFT-335.png","dimensions":"3858x5456","size":"37459827","mimeType":"image/png"},"tags":["3d","abstract","surrealism","color","3dart","portrait","superrare","render","human","3D","dreamscape","surreal","daydream"]}