{"name":"Yehedra","createdBy":"lane","yearCreated":"2021","description":"Yehedra the dream distributor.\n\nAudiovisual collaboration with Murkury. Animation is based on a psychedelic experience. ","image":"https://ipfs.pixura.io/ipfs/QmYSRbFwRKhF4Mv6okWM6w37krnpyQgBnLj92nbzjZKWy4/704173555_0000.jpg","media":{"uri":"https://ipfs.pixura.io/ipfs/QmQDgfA1KMCqZ1waMLCmN8K7EhQJpczQn8uEaja39pFxrt/YehedraDjMURKURYXLANE.mp4","dimensions":"1440x1440","size":"30701436","mimeType":"video/mp4"},"tags":["3d","audiovisual","psychedelicart","trippy"]}