{"name":"MARS BITCHES P2","createdBy":"@threepanelcrimes x @brickillustration","yearCreated":"2021","description":"The evil Robinhood fleet attacks.","image":"https://ipfs.pixura.io/ipfs/QmY2z6bja7xUp1MqnsohpuLJF8thZSwxpsoMFfToyajERf/3.jpg","media":{"uri":"https://ipfs.pixura.io/ipfs/QmY2z6bja7xUp1MqnsohpuLJF8thZSwxpsoMFfToyajERf/3.jpg","dimensions":"2618x2618","size":"5016502","mimeType":"image/jpeg"},"tags":["comedy","2dart","2d","nft","drop","ape","degens","surreal","mars","space","astronaut","scifi","pulp","threepanelcrimes","comics","art","illustration"]}