{"name":"Pink Lightning: Magic Mountain series","createdBy":"Anne Spalter and The Josh Craig","yearCreated":"2021","description":"Inspired by the other-worldly mountain ranges in the Westerns United States, these high craggy mountains create a fantastical landscape, like a journey to another planet. Lightning flashes continuously while waterfalls pour down and join waves on the lake.\n\nCarl Jung writes, “We constantly hear of Mahatmas and Rishis living away in the mountains of Tibet who are capable of all kinds of magical practices... but when Shri Rama Krishna became interested in the question and tried to discover if such people existed, he did not find a single one. Usually it is the invisible or psychic reality which is meant.“\n\nWe have tried to capture this inspirational, magic, psychic reality using medium format digital photography, artificial intelligence, video special effects, and audio atmospheres. \n\nOriginal audio by The Josh Craig.\n","image":"https://ipfs.pixura.io/ipfs/QmVRopZhjNgm8BmCKXUXov1SJz3R5WnbE6UjE26nUed33B/pinklightningstill.jpg","media":{"uri":"https://ipfs.pixura.io/ipfs/QmPDgenRDjv2JtL23LYHCqAfw9ZdXacTmduNNHQ2bYqypa/pinklightning.mp4","dimensions":"1400x1400","size":"43687010","mimeType":"video/mp4"},"tags":["Mountains","Pink","Waterfalls","Lightning","Magic","Water","CarlJung","SciFi","ArtificialIntelligence","AIart","Animation","Photography","Audio","Soundscape"]}