{"name":"Nameless","createdBy":"Myriad","yearCreated":"2021","description":"Sickeningly sweet memories drip on my brain like acid, corroding what once was my common sense // sticky memories that cannot seem to come off my fingers, scrubbing to erase the past // yet forever buried, locked away for a rainy day // perhaps everyday\n","image":"https://ipfs.pixura.io/ipfs/Qmd2xsm6FVgizx13rNPpN7znYMw3hB9UjzZB2jfnNg1j2X/Untitled_Artwork24.PNG","media":{"uri":"https://ipfs.pixura.io/ipfs/Qmd2xsm6FVgizx13rNPpN7znYMw3hB9UjzZB2jfnNg1j2X/Untitled_Artwork24.PNG","dimensions":"2048x2048","size":"5509566","mimeType":"image/png"},"tags":["poem","2d","2dart","myriad","myriadinart","selfportrait","portrait","surreal","surrealism","poetry"]}