{"name":"Proof of Work - Genesis","createdBy":"Coldie","yearCreated":"2018","description":"Hard work is not easy, but it opens the possibility for great rewards. Watching the clouds go by helps to stay grounded and in the moment...\nProof of Work - Genesis, animated video, 808 x 1080. Conceived in 2018, minted in 2021. Artwork was originally tokenized as ERC-20 on R.A.R.E. ART LABS on September 26, 2018. The edition of 10 went unsold for over a year. I decided to burn all unsold tokens on October 30, 2019 when ERC-721 became the technology standard for NFT tokens. It is now being offered as a 1/1 in the original size to honor the genesis animated artwork that draws parallels and forms fractals between computers mining for 'proof of work' cryptocurrency and gold miners panning for gold in the rivers of the California gold rush where I grew up. The present work features in “Bonhams & SuperRare: CryptOGs, The Pioneers of NFT Art, June 21st-30th 2021”, Lot 1” and can be found at the following link: https://www.bonhams.com/auctions/27285/lot/1","image":"https://ipfs.pixura.io/ipfs/QmWQWZ1n6KrVFbA3yyNdf4a7MsFHwNARnaRpdfaQjP4ryY/Coldie-Proof-Of-Work-Genesis-FINAL.jpg","media":{"uri":"https://ipfs.pixura.io/ipfs/Qme3ZUkm1xyiHD4qftnWSrJZ93R6yyzsn5pDh8v3DtLsVP/Coldie-Proof-Of-Work-Genesis-2018-FINAL.mp4","dimensions":"808x1080","size":"47304762","mimeType":"video/mp4"},"tags":["Bonhams","CryptOGs","coldie","proof","work","miner","chemtrails","clouds","contemporary","bitcoin","ethereum","litecoin","mining","cryptoart","cryptocurrency","animation","OG","genesis"]}