{"name":"Calm Spirit","createdBy":"Dawid Planeta","yearCreated":"2018","description":"“Never be in a hurry; do everything quietly and in a calm spirit. Do not lose your inner peace for anything whatsoever, even if your whole world seems upset.”\nAnother work from ”The Minipeople\" – art series that illustrates my experience with depression. Each image is a message from my subconsciousness showing me the way and guiding me through difficult times. This one is about the importance of cultivating your inner peace. One of the biggest lies of the ego is that we don't have time to slow down – we have things to do and we need to work hard to achieve it. But the real growth happens when you take things slow, really focusing on what you're doing right now. Don't try to do everything at once. Choose one thing, give it your full attention and then move to the next one. Or maybe take some rest before you move on to reflect on what you did and think of what to do next. You'll see how your life will begin to change. You will have more time. You will find joy in small things again. You will find your inner peace that was within you the whole time...","image":"https://ipfs.pixura.io/ipfs/QmZe1CRzfk3JLiPLnu3UqvZrgDaoapvdhQGV4nVM1o9iVC/calmspirit.jpg","media":{"uri":"https://ipfs.pixura.io/ipfs/QmZe1CRzfk3JLiPLnu3UqvZrgDaoapvdhQGV4nVM1o9iVC/calmspirit.jpg","dimensions":"4057x5905","size":"16135934","mimeType":"image/jpeg"},"tags":["surreal","dark","2Dart","3Dart","cgi","illustration","darkness","nature","bird","forest","trees","digitalart","light","dawid","planeta"]}