{"name":"7 DEADLY SINS","createdBy":"wallypdf","yearCreated":"2021","description":"Using Taming Transformers and Contrastive Language Image Pre-training to generate images from text with the addition of Octaves. In collaboration with Zeph.","image":"https://ipfs.pixura.io/ipfs/Qmb9q8ktBiw3FgUyzj9WN9BDdawwGCtFQiS7vaVD1zS2uF/ezgif.com-gif-maker28.gif","media":{"uri":"https://ipfs.pixura.io/ipfs/QmNPietdQ5eWJ1GZsDePXjcfm2JwRip7SDeiSkrXpPoAJq/7deadlysins1.mp4","dimensions":"512x512","size":"17267447","mimeType":"video/mp4"},"tags":["Sins","AI","Deadly","NFT"]}