{"name":"Curve and Light","createdBy":"latent.dream","yearCreated":"2021","description":"Vibrant / Futuristic / Abstract - A\nmoment from a liquid light show,\ncaptured using macro photography\nand digitally manipulated.\n3014x3014 PNG\n","image":"https://ipfs.pixura.io/ipfs/QmNPubStbAN7XDqWQokkWPbtJjGtEf9Qg2Q5q3QeHNfLeE/CurveandLight.png","media":{"uri":"https://ipfs.pixura.io/ipfs/QmNPubStbAN7XDqWQokkWPbtJjGtEf9Qg2Q5q3QeHNfLeE/CurveandLight.png","dimensions":"3014x3014","size":"13358696","mimeType":"image/png"},"tags":["abstract","futuristic","psychedelic","vibrant"]}