{"name":"Episode No. 36","createdBy":"Lance Pilgrim","yearCreated":"2021","description":"2340x2340 seamless loop animation with sound. 1 of 1 from Lance Pilgrim’s episodic, neo-pop series—“Saturday Warnings”. Deconstructing and remixing pop imagery, he explores the relationship between nostalgia and identity by both celebrating and questioning the value of mass-produced experiences.  Sound: Loreto “Still1” Jamlig.","image":"https://ipfs.pixura.io/ipfs/QmNxEaMts2cj6DWXGmt7Yk8q5x6kwpjSX28V3o7ABsLMy1/LancePilgrimEpisodeNo36-2340x2340-Final-Still-Thumbnail.jpg","media":{"uri":"https://ipfs.pixura.io/ipfs/Qmboen8zqW56TmvDtA2tmwAZm5tqmtP4kmkyZ1qSgwiikq/LancePilgrimEpisodeNo36-2340x2340-Final.mp4","dimensions":"2340x2340","size":"31151501","mimeType":"video/mp4"},"tags":["animated","animation","calm","nostalgic","nostalgia","relaxing","retro","popart","neopop","romance","coffee","2D","colorful","neon","cartoon","illustration","surreal"]}