{"name":"Rise","createdBy":"@chrisbjerre","yearCreated":"2021","description":"We sought to mark our place in history by manufacturing the ultimate being. \nWe gave life to a hyper advanced artificial breed created in our likeness. \nDesigned to be our aid and ally but with unlimited potential.\nConstructed by human ambition and naiveté, enlightened by the sea of Information. \nThey will test the bounds of free will and coexistence.\n\nTo be continued.\ntheneophytes.xyz\n\n\nVisuals: Chris Bjerre\nMusic: Enternull","image":"https://ipfs.pixura.io/ipfs/QmbNjcCyXxqqRyuDDduz41pb5W4pjtmuR27N1ZonkmSUdv/RISE_1.jpg","media":{"uri":"https://ipfs.pixura.io/ipfs/QmQPZBWgPh1KLLYWDt53DejdbeWaArArHishFUoDpjsRVR/RISE.mp4","dimensions":"2000x2000","size":"46652360","mimeType":"video/mp4"},"tags":["Rise","Phase1","Origin","ai","artificialintelligence","sentient","robot","cyborg","scifi","3d","vfx","cgi","animation"]}