{"name":"Euphoria Victory","createdBy":"@suryanto_nft","yearCreated":"2021","description":"Everyone has their own struggles. Today's victory does not mean tomorrow's success. Today's defeat does not mean tomorrow's failure. We must continue to keep the spirit burning to strive for the best.\n\n2500 x 1642 / 49,1 MB / MP4 /\n\n3nd Series Collaboration /\nSuryanto x Satriya Anggun (Lahansubur)","image":"https://ipfs.pixura.io/ipfs/QmaCB5BUVH2hWFbuFXgdZhoEsXU3q8Pp1QWtC9MGBWWEGR/20210615_120357.gif","media":{"uri":"https://ipfs.pixura.io/ipfs/QmUj1NEFTYchhJLgFUAZ8nejYzy5Thfc6pqDaBwgpzFHYW/SURYANTOXSATRIYAANGGUN-1.mp4","dimensions":"2500x1642","size":"51545176","mimeType":"video/mp4"},"tags":["Victory","Animation","Expressionism","Drawing","Collaboration","Abstract","Spirit","Monster"]}