{"name":"Moving Home","createdBy":"Jon Beinart","yearCreated":"2021","description":"This NFT is an animated version of Jon Beinart's 11.8\" x 11.8\" oil painting, titled \"Moving Home\". This animation was created in collaboration with Jon's good friend, Simbull, who also produced the sound. The original painting was Jon's first Elephish themed painting, which he is currently developing into a series of paintings exploring the strange world of the Elephish species and their relationships with other creatures. Jon and Simbull's genesis piece on SuperRare, \"Symbiosis\" was based on Jon's second Elephish painting. They have more Elephish themed animated NFT's planned for the near future, so watch this space and follow Jon's Superrare account to be notified when they are released.","image":"https://ipfs.pixura.io/ipfs/QmdWyj5wCQ7hSVojmGsGQ1do3ryvS9z8ithb3QUNm3QBAj/Moving-HomeBigger.gif","media":{"uri":"https://ipfs.pixura.io/ipfs/QmTTZvQWLw2nFn7Gr5yAGPfZvrhyZYkW6ET8eNBMfjtAvH/Jon-Beinart-Simbull-Moving-Home.mp4","dimensions":"2000x2000","size":"38060904","mimeType":"video/mp4"},"tags":["animation","surreal","superrare","painting","oilpainting","illustration","surrealism","color","animate","animated","elephant","fish","elephish","psychedelicart","surrealart"]}