{"name":"UNTITLED","createdBy":"@mlibty","yearCreated":"2021","description":"A meditative work from MLIBTY Shadows series. Future will describe it.\n Location: Aribau 79, Barcelona.\nWith MLIBTY Shadows protagonist 4.","image":"https://ipfs.pixura.io/ipfs/QmRwwkpsXbkskNnPQtuRAMfvXg8jxuJ9Jk14sK2neviQhy/UNTITLED-SR.jpg","media":{"uri":"https://ipfs.pixura.io/ipfs/QmbmVddED6XLvpm8j8SJcFdUYExPasnS2wgLD2hKLwXknG/Percept-least.mp4","dimensions":"1820x1400","size":"48834569","mimeType":"video/mp4"},"tags":["mlibty","mlibtyshadows","timewilltell","untitled","aribau"]}