{"name":"The Last Judgement","createdBy":"Marinos","yearCreated":"2021","description":"Single edition 3D study of the authentic sculpture developed from the original painting \"Final Judgement\" commissioned to our workshop in 2020. The iconic hands in Michelangelo´s masterpiece \"The Last Judgement\" are revisited in a unique and intense artwork. Author Sergio Marino ","image":"https://ipfs.pixura.io/ipfs/QmQbZT6Ep4nRYMPHCrH1uZDuWa5wQwftbQ5MD6rv2NRjKJ/FinalJudgementEvolutionTumb.jpg","media":{"uri":"https://ipfs.pixura.io/ipfs/QmP7EesETXNHSkbTc5LNWLenM2TUsVzyTVo8qF3Xc1BKmL/FinalJudgementEvolution.mp4","dimensions":"3840x2160","size":"24264891","mimeType":"video/mp4"},"tags":["Sculpture","Last","Judgement","Hands","Michelangelo","Study","3D"]}