{"name":"Vinz","createdBy":"Stefano Colferai","yearCreated":"2021","description":"Digital Painting, 6500 × 4642.","image":"https://ipfs.pixura.io/ipfs/QmV6yEM3bSMXuF7j4mKGf3ombSoTRAbd8ZG9V69F78v69Q/StefanoColferai_Lodio.jpg","media":{"uri":"https://ipfs.pixura.io/ipfs/QmV6yEM3bSMXuF7j4mKGf3ombSoTRAbd8ZG9V69F78v69Q/StefanoColferai_Lodio.jpg","dimensions":"6500x4642","size":"2034127","mimeType":"image/jpeg"},"tags":["illustration","3D","3d","portait","greyscale","digital","painting","rare","superrare"]}