{"name":"A few molecules away","createdBy":"Max Osiris","yearCreated":"2019","description":"“Right here and now, one quanta away, there is raging a universe of active intelligence that is transhuman, hyperdimensional, and extremely alien... What is driving religious feeling today is a wish for contact with this other universe.”\n― Terence McKenna","image":"https://ipfs.pixura.io/ipfs/QmSKY99NQMitM2AWdowHEAgugCNvbEDJea9EQaF9uYrxDX","tags":["dreaming"," psilocybin"," surrealism"," Ethereum"," psilocybe cubensis"," war on drugs"," consciousness"," freedom"," drugs"," GAN"," AI"," artificial intelligence"," 5D"]}