{"name":"Android Plaza - Corporate Decision","createdBy":"Norman Harman","yearCreated":"2019","description":"Crazed bankers and executives merge in this corrupted composition.  Harman's Android Plaza is a collection of digital artworks using a specially formulated algorithm. Within the corruption of the digital image, there is a breaking up of the information, which leaves the viewer to interpret the space between abstraction and figuration. He then digitally paints elements of the composition referencing Richter whilst the mangled figuration echoes Francis Bacon and Frank Auerbach.","image":"https://ipfs.pixura.io/ipfs/QmafoQtUM67R9QjHYtVzq5pJXnpi8awNr43e7snFpAvZ1h","tags":["AndroidPlaza","digitalart","digitalpainting","algoritjmicart","corporate"]}