{"name":"Weather Pod","createdBy":"@yuramiron","yearCreated":"2019","description":"“WHEN THE SANDSTORM came howling up from south, Pardot Kynes was more interested in taking meteorological readings than in seeking safety. His son Liet--only twelve years old, but raised in the harsh ways of the desert--ran an appraising eye over the ancient weather pod they had found in the abandoned botanical testing station. He was not confident the machine would function at all.\nThen Liet gazed back across the sea of dunes toward the approaching tempest. \"The wind of the demon in the open desert. Hulasikali Wala.\"\n\"Coriolis storm,\" Kynes corrected, using a scientific term instead of the Fremen one his son had selected. \"Winds across the open flatlands are amplified by the planet's revolutionary motion. Gusts can reach speeds up to seven hundred kilometers per hour.\"\nAs his father talked, the young man busied himself sealing the egg-shaped weather pod, checking the vent closures, the heavy doorway hatch, the stored emergency supplies. He ignored their signal generator and distress beacon; the static from the sandstorm would rip any transmissions to electromagnetic shreds.”\nFrom “Dune: House Harkonnen” by Brian Herbert. \nPublished by Bantam Spectra in 2001.\n\nArtwork was created using https://artbreeder.com \nArtbreeder app was created by Joel Simon https://www.joelsimon.net/ \n","image":"https://ipfs.pixura.io/ipfs/QmRijif3hqXW5LneC5hMydkfQ8US6wPxsGeraUNUXMzngz","tags":["","sci-fi","ai","aiart","animation","BigGAN","deeplearning","GAN","Artbreeder","gif","infinite","loop","neuralnetworkart","neurography","psychedelic","surrealism","visionaryart","generative","yuramironart\n"]}