{"name":"Android Plaza - Japan ","createdBy":"Norman Harman","yearCreated":"2019","description":"Harman's Android Plaza is a collection of digital artworks using a specially formulated algorithm. Within the corruption of the digital image, there is a breaking up of the information, which leaves the viewer to interpret the space between abstraction and figuration. He then digitally paints elements of the composition referencing Richter whilst the mangled figuration echoes Francis Bacon and Frank Auerbach.","image":"https://ipfs.pixura.io/ipfs/QmTGMGwdcMKdWkxHNj9HADVsW3NauCurEZGazy3Fgb9cc8","tags":["","AndroidPlaza","Japan","AlgorithmicArt","DigitalArt"]}