{"name":"From out of the Centralised Shadows","createdBy":"illa_2020","yearCreated":"2019","description":"This is my creation for the #bleedingedgetech Halloween Competition\nFeaturing The Ethereum logo as a ray of hope in this dark Centralised existence. ","image":"https://ipfs.pixura.io/ipfs/QmPRXDcQTMXkQbqzWb3U4aVc2KPHXYXpJ69GF5VtPwHA4a","tags":["ethereum"," cryptoart"," bleedingedgetech"," competition"," piece"," dark"," decentralised"," centralised"," horror"," zombie"," btc"," blockchain"," living"," dead"," halloween"," art"," gif"," glitch"," eth"," blood"," vitalik"," buterin"]}