{"name":"HYDRO:LED:WAVES","createdBy":"Gisel X Florez","yearCreated":"2019","description":"Hydraulic movements of luminance refracting through space.  \nEdition of one. \n2019DispersionofWaves\n","image":"https://ipfs.pixura.io/ipfs/QmPqa6q7ZzcjAHarSywUy3PkZPSmyMwGm5mGgMvSUk7oRs","tags":["art"," artist"," blockchain"," ethereum"," celebratory"," channels"," cinematic"," cinematography"," cryptoart"," cryptoartist"," flow"," fluid"," water"," hydro"," hydraulics"," giselflorez"," giselx"," red"," blue"," light"," led"," volumetric"," photography"," fluid"," video"]}