{"name":"Sixteen-segment ΞETH","createdBy":"Mattia Cuttini","yearCreated":"2019","description":"A sixteen-segment display is a type of display based on 16 segments that can be turned on or off to produce letters and numerals. It is an expansion of the more common seven-segment display, having additional diagonal and vertical segments.","image":"https://ipfs.pixura.io/ipfs/QmQ3bBv5zB2WRWgE1Jf6xXh5vLA4FH1vQ8HKgLW8ddNNS5","tags":["mattiac"," produkt"," series"," 16segments"," colour"," eth"," segment"]}