{"name":"Affection Is Greater Than Perfection","createdBy":"@pix","yearCreated":"2019","description":"Exclusively on SuperRare, only 1 Edition to ever exist. A picture is worth a thousand words. A GIF is worth a book worth of words. And art is worth an entire library. Portraying Crypto Art at its best.","image":"https://ipfs.pixura.io/ipfs/QmXsTgSuZAtp86RmR1JZaQC2rZ31Sd2gERmRus8d1cXnN7","tags":["affection","emotion","art","pix","pixel","digital","love","kiss","forehead","colors","patterns","textures","new","rare"]}