{"name":"Hungry Chaos","createdBy":"pbock","yearCreated":"2019","description":"A dozen kaleidoscopes on atop the other, switching from colors to lineart to interpolated colors, cutting and pasting parts of one variant onto the other... Let's just say that even with 5 intermediate steps saved to disk, I have no idea how exactly this one came to be.\n\nI guess that's what happens when you pour a bit of stress and distraction together over several hours dispersed over a week.","image":"https://ipfs.pixura.io/ipfs/QmSyFHSMFUzNBv3rbFFPV2D1SuLbRFZynMxUiiuLZYLWbn","tags":["colors","chaos","GIMP","G'MIC-qt","kaleidoscopes","deepdreamgenerator","weavesilk","artbreeder","AI","GAN"]}