{"name":"Paola ROSE MIRROR Fade Series","createdBy":"cicatriciebaci ","yearCreated":"2019","description":"#cicatriciebaci is a narrative and interactive project that tells stories of human scars; they are the past wounds, embroidered into your life, experiences that have shaped and empowered you. In sharing your scars and stories with the narrator, we embark on a visual journey of self-discovery and create a new story we can share with the world. The stories unfold together, while evoking emotions very personal to each storyteller. www.cicatriciebaci.com","image":"https://ipfs.pixura.io/ipfs/QmPCVphMWoJpudGLGogDBBdLTQ2gynsHWthaqJcHgPFUFc","tags":["art"," baci"," cicatrici"," cicatriciebaci"," collage"," framework"," kisses"," portrait"," scar "," scarkisses"," accidentalbeauty"," spacesdiving"," timetravelling"," cryptoart"," storytelling"," dream"," fade"]}