{"name":"Debora Flowers Energy, 2019","createdBy":"melissa duARTE","yearCreated":"2019","description":"Digital art collage Illustration and animation by mel duARTE (melissaduARTE.com). Gif size: 5,81MB. 1000x1200px.","image":"https://ipfs.pixura.io/ipfs/QmcL1e269xJAXLGFomuPfVRVkZPuYJfCvKnF6WoB5uoDiS","tags":["flowers","energy","blumen","flores","mandalas","mandala","gif","animation","bird","illustration","digital","art","collage","colagem","collagen","colorful","vase","vaso","melissaduarte","melduarte","catsandcolors","vento","wind"]}