{"name":"Minimalismus Nº2","createdBy":"melissa duARTE","yearCreated":"2019","description":"Fluctuations on a solid basis. Think about it! \nDigital art and animation\nby mel duARTE. Gif size:\n1,15MB, 1000x1000px.","image":"https://ipfs.pixura.io/ipfs/QmZZFjVZej4jCD9UJPzQqLPkS8yZYV86dob6qKwk3env5Q","tags":["flower","flowers","blumen","flores","gif","animation","digital","art","arte","kunst","vase","illustration","vaso","minimalismus","yellow","grey","minimalism","token","investment","NFT","NFTs","Crypto","Collectibles","tokens","blockchain","ether","etherium","bitcoin"]}