{"name":"Exploring the Ether","createdBy":"Coldie","yearCreated":"2019","description":"Exploring the ether of decentralized auctions is a deep rabbit hole. Digital assets of all styles, shapes, and sizes. Featuring solidity code for smart contract bidding and cubes symbolizing digital assets and Crypto Voxels virtual world built on Ethereum.","image":"https://ipfs.pixura.io/ipfs/QmTvV9L66DTVX1QFKurAJxbmkAfjnMBpmq125EANtHwEeK","tags":["3D"," animation","color","code","experimental","typography","loop"]}