{"name":"German Architecture Nº2","createdBy":"melissa duARTE","yearCreated":"2019","description":"Illustration and animation\nby mel duARTE. Gif size:\n5,25MB, 1000x1000px.","image":"https://ipfs.pixura.io/ipfs/QmaE5km9nmx2Xc6gRRddjqXHbZ6HGSBCNY8NfPGtuWkbUb","tags":["casa","haus","häuser","fachwerhäuser","fachwerkhaus","fachwerk","house","gif","animation","light","night","window","windows","luzes","licht","timber","melduarte","framing","building","germany","fenster","architecture","nacht","noite"]}