{"name":"Remembrance","createdBy":"Osinachi","yearCreated":"2016","description":"While recalling our encounters with people, whether good or bad, we humans always associate such an experience with the face of the people in question. So, in vivid colours, this artwork explores the idea of the human face as the signage of memory. The authors choice of a female face for the subject is a tribute to women who continue to sustain the human race on earth through childbirth.","image":"https://ipfs.pixura.io/ipfs/QmUwWff5NLAfDcyVxS6zNxov2w4h7HJBhUyYe98pD9HGSv","tags":["remembrance","osinachi","memory","childbirth","women","cryptoart"]}