{"name":"Drama and Insolvency in the Land of the Rising Sun","createdBy":"Norman Harman x RobnessCyberpop","yearCreated":"2019","description":"'A tale of dramatic crypto dishonor in the land of the rising sun.' A crypto-collaboration between Norman Harman x RobnessロブネスCyberpop combining elements of Artificial Intelligence generatives, glitch painting/digital destruction, collage and cryptocurrency world underpinnings.","image":"https://ipfs.pixura.io/ipfs/QmS5BABbFzjQNLvHQUFfApbDK99Ut5dfJdZqB8DwKmjmRB","tags":["WhereIsOurMoney"," MagicalTux","PublicDishonor","BowMotherfuckerOrElse"," Prison Time","Self Reflection"," ExchangeScams","Insolvent","Karpeles"]}