{"name":"Anonymous Leader #5: Light Bearer ","createdBy":"Lucho Poletti","yearCreated":"2020","description":"We can easily forgive a child who is afraid of the dark; the real tragedy of life is when men are afraid of the light. Garments textured using collage of ancient greek coins, background collages created using US dollar, casacius bitcoins, and BTC/USD historical price.\n44-frame GIF, 1200x1200 pixels. \nCreated in adobe illustrator.","image":"https://ipfs.pixura.io/ipfs/QmScxvLTtve9cy7c6ogXrTncTxPKZjaViAkSPngBdA6cwG","tags":["gif"," illustration"," bitcoin"," satoshi"," anonymous"," plato"," philosopher"," lucho poletti"," money art"," bitcoin art"]}