{"name":"Guardian","createdBy":"@WGMeets","yearCreated":"2019","description":"It’s time to Fn’G SK8! Skate your life away with these exclusive WGM SK8 decks while proving that everything is shreddable, screw the authority. The Fn’G series is about adventure and exploration in a giant way, never letting go and keeping the spirit of the wild alive.\nFn’G decks by @WGMeets.\nwhengiantsmeet.com","image":"https://ipfs.pixura.io/ipfs/QmeHpupZdnYMiEwbcipWsuxUr722ii2gXUYQQ8J4P6r8im","tags":["wgmeets","skate","skateboard","cryptoskateboards","sk8","skateboards"]}