{"name":"Under Earth Rainbow Apple","createdBy":"peter bock, marie bock","yearCreated":"2020","description":"Created as a cooperative artwork by me and my sister, Marie Bock.\nShe used her copy of Photoshop to vectorize an interesting picture of an Apple, which I then edited using GIMP to give it some movement.","image":"https://ipfs.pixura.io/ipfs/QmeYYBearVSxknhSrw1xmtu7GCLwd69rFxwantzsTdYkGX","tags":["Collaboration","Peter-Bock"," Marie-Bock","GIMP","Photoshop","Vectorization","Animated-Colors"]}