{"name":"'Karakter #23' ","createdBy":"Rutger van der Tas","yearCreated":"2020","description":"Eadweard Muybridge, Caravaggio and Vermeer are combined in this animation. Together with pieces of Gan/Fun and me they form this new Karakter. ","image":"https://ipfs.pixura.io/ipfs/QmU9nymguC6qmYdPcswUTmc818aP5AvvkDJDug9HFHbAx1","tags":["gif"," animation"," gan"," breeder"," art"," dutch"," auction"," eyes"," drawing"," portraits"," love"," fun"," sweet"," horse"," blockchain"," ethereum"," bitcoin"]}