{"name":"Magnetotropism","createdBy":"@yuramiron","yearCreated":"2020","description":"Plants in Pandora (2009 sci-fi film 'Avatar', dir. James Cameron) have evolved according to the characteristics of their environment, which has an atmosphere that is thicker than on Earth, with higher concentrations of carbon dioxide, xenon and hydrogen sulfide. Gravity is weaker in Pandora, thereby giving rise to gigantism. There is a strong magnetic field, causing plants to develop 'magnetotropism'. A particularly intriguing quality of flora and fauna in Pandora is their ability to communicate with each other. This is explained in the movie as a phenomenon called 'signal transduction', pertaining to how plants perceive a signal and respond to it.\n\nMediums: Artbreeder, DeepStyle, Ebsynth, Premiere, Photoshop","image":"https://ipfs.pixura.io/ipfs/QmfJd9MWCqrnKuEh8DgaSNEcce6X8DvXvxQEZYhg4QwNQJ","tags":["avatar","plants","biodiversity","signaltransduction","ecopunk","cli-fi","sci-fi","ai","aiart","animation","BigGAN","deeplearning","GAN","Artbreeder","gif","infinite","loop","neuralnetworkart","neurography","psychedelic","surrealism","visionaryart","generative","yuramironart"]}