{"name":"Push-button GAN generator","createdBy":"@mlibty","yearCreated":"2020","description":"This piece has integrated DIY virtual computer, which is connected directly to the Artbreeder and the shadow is programmed to push the button and create GAN images. This process requires deep technical knowledge. Take a closer look at the tongue-holding technique. Thanks to this hard-developed push-button style, Mlibty Shadows are just a step away from generating the fifth GAN image. Just watch and you will see! ◙ MLIBTY Shadows represent people in general, but also shadows behind the curtains, invisible inhabitants you never meet, but you feel their presence. Sometimes they are watching you, sometimes they smile, black and white, no hands and no legs, shadows with faces. More about the whole project here: https://www.patreon.com/mlibty.","image":"https://ipfs.pixura.io/ipfs/QmV2KYtmTCHXXXfwoAXLWjfJ1odK7RzP1KY9n17qhNPrU3","tags":["GAN","AI","Artbreeder","mlibtyshadows","computer","button","BigGAN","generative"]}