{"name":"Orb Weaver (Orb III)","createdBy":"Shortcut","yearCreated":"2019","description":"The third piece in a series of virtual orbs, I created in 2019 using various generative and glitch algorithms. \n\nThe image contains a proof of authenticity badge, which is hidden using steganography. \n\nIt can be revealed using steghide. More infos at my homepage: shortcut-art.de","image":"https://ipfs.pixura.io/ipfs/QmVu4R8818afDqGNttMobg8yuvMAWFTmbnzmCkPKQ6KowJ","tags":["orb"," moon"," planet"," series"," texture"," generative"," abstract"," contemporary","  steganography"," stegart"," steghide"]}