{"name":"Finally Alive","createdBy":"Travis LeRoy Southworth","yearCreated":"2020","description":"This work is part of my series \"Color, Balance\". The base material for my paintings come from color adjustments applied to digitally retouched portraits. I abstract color applied to the photograph which becomes the starting point for a painting created in Photoshop. Pixels are pushed and subtle layers of color are added, blending remnants of the figure into the background. There is a softness to them but also elements of speed and violence.","image":"https://ipfs.pixura.io/ipfs/QmRM1eNeLd8N1tZ3GMf8kFVyR87HtLKXmjeK8JhgxRZSTh","tags":["colorbalance"," colorful"," alive"," digital"," photoshop"," green"," face"," portrait"," contemporaryart"," ethereal"," figurative"," painting"," soft"]}