{"name":"As Within, So Without Act.5","createdBy":"Silvio Vieira","yearCreated":"2019","description":"\"So above, as bellow, as within, so without, as the universe, so the soul...\"","image":"https://ipfs.pixura.io/ipfs/QmdM9aqU7XnMRM5RGp4Bs9cqD25VyR7vkBkWunx2mWK6DM","tags":["Spiritualart","visionaryart","eyeart","spirit","thirdeye","lightcore","core","opticalillusion","arteporto","arte","portugal","silviovieira","silviovieiraart","psychedelic","humanevolution","communication","fluidlines","aswithinsowithout","eye","soulportrait","trippy"]}