{"name":"The Graduate - Morphing","createdBy":"MightyMoose","yearCreated":"2020","description":"This is a collaboration with the artist @Voke. The Graduate -morphing has ben run through many renderings of glitches and morphing systems. Then several versions were chosen and then merged together via glitch transitions to seamlessly blend between each. The QR shows the original image used in this remix. ","image":"https://ipfs.pixura.io/ipfs/QmVuw99p47HQKdfRQL7rFFRDgzeebpxGV5EbtRJRS4PLEc","tags":["Glitch","skull","static","gif","morphing","collaboration"]}