{"name":"Droplet","createdBy":"Vansdesign","yearCreated":"2019","description":"If less is more, how do we do more with less? Droplet is part of a minimalist series focused around colors, geometric shapes, and shadows. This piece represents adaptability and fluidity, as the liquid brakes trough the frame it adapts to its surroundings and as it starts to pour out a droplet of it falls back into the composition creating its own frame around itself. Adapting to its surroundings as it changes shape over time as a fluid does. ","image":"https://ipfs.pixura.io/ipfs/QmVRBKAYPih6UbeKhJhsyGLkqfMu2nkiExCUZwp9DuMT11","tags":["digitalart","vibrant","color","gradient","minimalist","geometric"]}