{"name":"Open Channel Illuminated","createdBy":"Josh Katzenmeyer","yearCreated":"2020","description":"The body in motion, transforming the cityscape:\nan open channel illuminated with electric humanity--\nthough silent as all--joyful, terrorized, mystified. A procedural generation coded with JavaScript. 1200 x 1200. 10 frames.","image":"https://ipfs.pixura.io/ipfs/QmTcY6N7pwjjwXtUAfC2oKKZoEWFkvqfcWjsMCAp5DiptC","tags":["p5js","gif","animated","javascript","generative","procedural","code","abstract","bauhaus","suprematism","geometry","blue","pink","warped"]}