{"name":"Gem Boy Earth - Yellow Sapphire","createdBy":"@dgcarpintero","yearCreated":"2019","description":"One of 4 elementos de una coleccion limitada de impresiones 3D. Earth, fire, water and air. El token es un render del objeto utilizado en la impresion. \n\nGem Boy Earth is one of 4 pieces that represent the connection between humans and the natural elements. This piece is EARTH. It is a 3D render that was later 3D printed and assembled with a real Yellow Sapphire stone.","image":"https://ipfs.pixura.io/ipfs/QmeJdMFrjLGGGbEudkGA1WBEixp31gqw59bM33371YRjfG","tags":["earth","wind","air","fire","3d","3dprinting","render","elements","art","boy","nude","man","gem","stone","queer","sapphire","model","gif","animated","hyperreal"]}