{"name":"NOT AN OBJECT","createdBy":"miss al simpson","yearCreated":"2020","description":"She watched him watching her. Painting her. Trying to capture her essence, like an object. A thing possessed. She felt uncomfortable at exposing her breasts. Yet again. Something that signified everything about her as a woman marked her as an object in this painting, to be hung on some rich merchant's wall. To be stared at, night and day. She looked at the painter, wondering if there would come a time in the future when her modesty would be covered and someone would understand about the objectification of the male gaze. When would someone see her as anything but an object? ","image":"https://ipfs.pixura.io/ipfs/QmVRVhPxj6AYGhPaC911hf8GNbaGHYtDoQvESD7u1xRZJQ","tags":["JOHNBERGER","THEMALEGAZE","WOMEN"]}