{"name":"Old Skull, (24/150)","createdBy":"@oficinastk","yearCreated":"2020","description":"Oficinastk's  homage to the classic board design is actually an exploration of two of his recurring motifs - skulls and halftone patterns.\nThis visual artist studied some painting, but is self taught in everything else. Check it out here: oficinastk.github.io\n\n","image":"https://ipfs.pixura.io/ipfs/QmQrcKbTGDPXpq2tgVPvhnJZrByCFADHHRPApYiJbQrhQ5","tags":["CryptoSkateboards","oficinastk","oldskull","skull","homage","skate","skateboard","board","guest"]}