{"name":"Nothing is Real","createdBy":"Matthew Thurston","yearCreated":"2020","description":"A digital portrayal of Plato, made from exactly one million blocks varying in size and shape.\n\n4000x4000","image":"https://ipfs.pixura.io/ipfs/Qmd2G7pBBwHyuEb4rHq4CDoBayXY6dtUAxJExEsmna8z2c/plato.jpg","media":{"uri":"https://ipfs.pixura.io/ipfs/Qmd2G7pBBwHyuEb4rHq4CDoBayXY6dtUAxJExEsmna8z2c/plato.jpg","dimensions":"4000x4000","size":"9247043","mimeType":"image/jpeg"},"tags":["Plato","Greek","Philosopher","3D","DigitalArt","Portait"]}