{"name":"New Money #4","createdBy":"DevonBryant","yearCreated":"2020","description":"700 x 700 px 10 sec loop\n*with public domain\nsculpture scans from the\nScan The World project*","image":"https://ipfs.pixura.io/ipfs/QmWqHbWnxpQHwMbXeJigHhWdPQJenUn6mquq4ynmf9yekt/SuperRare4.gif","media":{"uri":"https://ipfs.pixura.io/ipfs/QmWqHbWnxpQHwMbXeJigHhWdPQJenUn6mquq4ynmf9yekt/SuperRare4.gif","dimensions":"700x700","size":"47726795","mimeType":"image/gif"},"tags":["DevonBryant","ClearVoid","NewMoney","Crypto","Cryptoart","videoart","video","3d","loop","animation","statue","face"]}