{"name":"IRIDESCENT","createdBy":"Glass Crane","yearCreated":"2020","description":"\"To use your head, you have to go out of your mind.\"\n\nSculpted in Zbrush, texture light and render in Cinema 4D Octane","image":"https://ipfs.pixura.io/ipfs/QmX1rpsPVCKBUNHSxF8uvixhzCtRL6NbJCPs4CecaiY1MB/Capture.PNG","media":{"uri":"https://ipfs.pixura.io/ipfs/QmYNHwH99UFQYYoXj64598Bk3zsWpkBornDmnLWvZaAdi4/iridiscentTOKEN.mp4","dimensions":"600x600","size":"18486387","mimeType":"video/mp4"},"tags":["trippy","psychedelic","dmt","motiondesign","3d","glasscrane"]}