{"name":"to the moooon","createdBy":"buzzlightning","yearCreated":"2020","description":"\"To the moooon\" is an animated bitcoin-rocket on his way to the moon which was created with Magicavoxel and underlaid with an audio-visualization. Music from https://www.bensound.com/","image":"https://ipfs.pixura.io/ipfs/QmVKLSVDZar6jttNbG9cNmfhbiyXhzCGJprcJYnvoCJ22d/tothemoon.png","media":{"uri":"https://ipfs.pixura.io/ipfs/QmenxUFVgPriMLGSkvtVhf9Ww5XnfpM3VA6sJR7oJYGmis/0001-0350.mp4","dimensions":"800x1120","size":"3615833","mimeType":"video/mp4"},"tags":["bitcoin","blockchain","voxel","voxelart"]}