{"name":"Untitled (bright white light echoes)","createdBy":"Oficinas TK","yearCreated":"2020","description":"Such gentle stillness. -- Unrivalled by the sunset: -- Bright white light echoes.","image":"https://ipfs.pixura.io/ipfs/Qma4QW1jvxs4axtCWk1NMcdptrMJKj9wyZDKwhP2D3jFyp/0001nv.png","media":{"uri":"https://ipfs.pixura.io/ipfs/Qma4QW1jvxs4axtCWk1NMcdptrMJKj9wyZDKwhP2D3jFyp/0001nv.png","dimensions":"2304x4096","size":"23401390","mimeType":"image/png"},"tags":["haiga","haiku","equinox","idol","oficinastk"]}