{"name":"IN HIDING","createdBy":"miss al simpson","yearCreated":"2020","description":"She tried her best to hide the black and yellow quarantine tape, pushing the remaining strands of it behind her back. She stood still, back against the wall, as they marched past, weapons held high. She only hoped they couldn't see the desperation in her face. She hoped that she couldn't see that she was in hiding.","image":"https://ipfs.pixura.io/ipfs/QmTNStUm415KnpA6QyPw3qJ9x46sAZjT85pvYmGfx33t3f/CONFUSION.jpg","media":{"uri":"https://ipfs.pixura.io/ipfs/QmTNStUm415KnpA6QyPw3qJ9x46sAZjT85pvYmGfx33t3f/CONFUSION.jpg","dimensions":"2500x3529","size":"8803540","mimeType":"image/jpeg"},"tags":["QUARANTINE","DIGITALPAINTING"]}