{"name":"Inmune System A11","createdBy":"YUSΔYMON ","yearCreated":"2020","description":"\nThe quarantine was extended when this boy decided to smoke a joint with his mask on the streets he was believing 100% in his immune system as the most strongest. ©Yusaymon All Rights Reserved","image":"https://ipfs.pixura.io/ipfs/Qmen7uaGsJ6LMfdLQiDmajFTMA5h2RPqHkXbVu3MAy9BPh/done.gif","media":{"uri":"https://ipfs.pixura.io/ipfs/QmYTg46Wrxan1TutLSaKXMVojiaM5bqveS4s1fmGrh6RRA/MyVideo11.mp4","dimensions":"1000x1116","size":"23686008","mimeType":"video/mp4"},"tags":["animated","art","arte","artgallery","artist","artwork","chaos","collection","coronavirus","creative","creativity","crypto","drawing","effect","mixedmedia","nft","paint","painting","quarantine","video","work"]}