{"name":"Missing 02","createdBy":"Pak","yearCreated":"2020","description":"\"But I still feel missing.\"\n\"You should,\" said the wise one.\n\"Why?\"\n\"With time, you'll understand why.\"","image":"https://ipfs.pixura.io/ipfs/QmPF5S46UbWBPcUZeHSsA1RYFJ1s5Znau6H2EyagnWFVfz/missingzerotwo_thumb.png","media":{"uri":"https://ipfs.pixura.io/ipfs/QmViRvXWcLHRhAbHvt813EE9XVDURjFRVLRxq8k3NHNLmS/MissingZeroTwo_long.mp4","dimensions":"1080x1080","size":"48447529","mimeType":"video/mp4"},"tags":["pak","archillect","missing","zero","two","02","monochrome","narrative","minimal","black","white","wise","sphere","hole"]}