{"name":"BEACH DRONE","createdBy":"miss al simpson","yearCreated":"2020","description":"The beach is closed for summer. If you dare to venture on to the sand, you may spot the army of Beach Drones. Wearing militarised \"plague masks\" and standing atop retro fitted drones, they patrol the beaches from the skies. Don't stay too long. They can swoop. ","image":"https://ipfs.pixura.io/ipfs/QmaMYnNwyQ9YGQX5HVWr6KJwoPL88wK56w45CmvG1zwQZc/BEACHDRONE.jpg","media":{"uri":"https://ipfs.pixura.io/ipfs/QmaMYnNwyQ9YGQX5HVWr6KJwoPL88wK56w45CmvG1zwQZc/BEACHDRONE.jpg","dimensions":"3043x2953","size":"8749212","mimeType":"image/jpeg"},"tags":["DRAWING","COLLAGE","COVID19"]}