{"name":"ｐｏｓｔｃａｒｄ░ｆｒｏｍ░ｔｈｅ░ａｆｔｅｒ","createdBy":"reviiser","yearCreated":"2020","description":"Travel 'round the globe but first░ visit ░▒▓█►─═  𝙲𝚄𝙻𝚃𝚄𝚁𝙰𝙻 𝙴𝙽𝚃𝚁𝙾𝙿𝚈 ═─◄█▓▒░","image":"https://ipfs.pixura.io/ipfs/QmRauAVQqdTetZpbpZn2JKh2zJMJhzW1wYSXiZfsChthwP/island.png","media":{"uri":"https://ipfs.pixura.io/ipfs/QmRauAVQqdTetZpbpZn2JKh2zJMJhzW1wYSXiZfsChthwP/island.png","dimensions":"4032x3024","size":"48896706","mimeType":"image/png"},"tags":["postcard","reviiser","entropy"]}