{"name":"Section II","createdBy":"Coins ","yearCreated":"2020","description":"\nA divided world.   Collage.\nSpray-paint on canvas processed with illustrator and photoshop.\n","image":"https://ipfs.pixura.io/ipfs/QmZrPiU4L3U1U2VHzyA37wJCtpDv6WU8GZQ6zSzfN5d8Ex/IMG_8320.jpg","media":{"uri":"https://ipfs.pixura.io/ipfs/QmZrPiU4L3U1U2VHzyA37wJCtpDv6WU8GZQ6zSzfN5d8Ex/IMG_8320.jpg","dimensions":"2408x3219","size":"4639248","mimeType":"image/jpeg"},"tags":["Canvas","Spray","paint","cans","graffiti","Orange","grey","blue","white","black","red","sun","3d","coins","coin","digital","divided","world","redsun"]}