{"name":"NO CHEMTRAILS, ONLY BIRDS ON THE SKY","createdBy":"CypherpunkNow","yearCreated":"2020","description":"There are only birds on the sky this spring...\nMusic by Data-live https://soundcloud.com/data-live","image":"https://ipfs.pixura.io/ipfs/QmQ4J6SHBPjPNWSr8UEkTW1RAbKqoWFbvHXt1j9bCFeEb9/Snimekobrazovky2020-03-30v17.24.56.png","media":{"uri":"https://ipfs.pixura.io/ipfs/Qma3V9m56y83GrqzqTw61o45kqLKVPmYGnq6kEqSztkuEk/OnlyBirdsonsky.mp4","dimensions":"1920x1080","size":"49256212","mimeType":"video/mp4"},"tags":["birds","analog","animation","music","NFT","covid","chamtrails","cypherpunknow"]}