{"name":"It should just be autumn.","createdBy":"Giant Swan","yearCreated":"2020","description":"Instead its just charcoal and face masks.\nmy fingers are peeling from shit soaps and my dog thinks I'm never going to work again. inside there are vines piling up inside. I think my neighbor already noticed.\n","image":"https://ipfs.pixura.io/ipfs/QmT7YeaUXySgxR6qpzCS6pszQgyVusN2ipBQWiiFfoxzrW/Husk-View6.png","media":{"uri":"https://ipfs.pixura.io/ipfs/QmT7YeaUXySgxR6qpzCS6pszQgyVusN2ipBQWiiFfoxzrW/Husk-View6.png","dimensions":"2700x4000","size":"19083709","mimeType":"image/png"},"tags":["VR","virtualworld","surreal","giantswan"]}