{"name":"LavaSky","createdBy":"Vansdesign","yearCreated":"2020","description":"Digital lava lamp made of clouds overflowing the screen. 3840 x 2160 px .mp4","image":"https://ipfs.pixura.io/ipfs/QmWZonH8nGU7B9H7948pfojaXDerEQz16EH4hfNnGvrH1f/Lavasky_1_00470.png","media":{"uri":"https://ipfs.pixura.io/ipfs/QmWrLyAQy5cVGQkTJjmK1WUzsVHTt5n36Pa5q73wDWWpGX/Lavasky_1.mp4","dimensions":"3840x2160","size":"45237038","mimeType":"video/mp4"},"tags":["video","mp4","sky","clouds","animation","loop","lavalamp","digitalart","4k"]}