{"name":"Squishy B3","createdBy":"Sporeganic","yearCreated":"2020","description":"Procedural squish & gibberish-y mathematics, only known safe treatment for COVID-19","image":"https://ipfs.pixura.io/ipfs/QmVKwHDYZmqiaoSrbUDuFJ3ntbra9pzqXn9WPDXSPy2VaY/squishy-b2.JPG","media":{"uri":"https://ipfs.pixura.io/ipfs/QmVNj6szhZy6g2tzrYr36GDYNo59uc8MPdtTMBfJWWw48S/Squishy_B3.mp4","dimensions":"1280x1280","size":"3192028","mimeType":"video/mp4"},"tags":["procedural","squishy","magic","unicorns","covid19","sporeganic","nattydroid","symmetry"]}