{"name":"Checklist","createdBy":"Micah_Johnson3","yearCreated":"2020","description":"During a time when it seems there is so much to be down about, it’s imperative we remind ourselves, as simple as it may be, what makes us special. *Original painting & NFT package available. ** Pricing information: https://thearthlete.substack.com/ *** 1160 × 1740","image":"https://ipfs.pixura.io/ipfs/QmWAVuyYteRiqm1DdEHAgZYvDpHArPUWbzivFTgQuYapqp/5EF682DF-4BFC-47D8-AEDC-F47271919E22-1143-00000032906A03A52.JPG","media":{"uri":"https://ipfs.pixura.io/ipfs/QmaiA64qUFDGKepPuQxWbLhJEY6xv8vXMNQwXjgdwSpQeP/Elijah3_1.mp4","dimensions":"1160x1740","size":"22441944","mimeType":"video/mp4"},"tags":["dream","micah","painting","animation"]}