{"name":"Proton Twist","createdBy":"Eburgami","yearCreated":"2020","description":"The free proton (a proton not bound to nucleons or electrons) is a stable particle that has not been observed to break down spontaneously to other particles. Free protons are found naturally in a number of situations in which energies or temperatures are high enough to separate them from electrons, for which they have some affinity.","image":"https://ipfs.pixura.io/ipfs/QmPwKQSCZ9Woty6PiLh1xuwKx4aocPrp5khbz1PxqScoVa/twist.gif","media":{"uri":"https://ipfs.pixura.io/ipfs/QmPwKQSCZ9Woty6PiLh1xuwKx4aocPrp5khbz1PxqScoVa/twist.gif","dimensions":"1000x1000","size":"18794260","mimeType":"image/gif"},"tags":["cryptoart","ethereum","bitcoin","nfts","proton"]}