{"name":"Enneper Surface","createdBy":"Eburgami","yearCreated":"2020","description":"In mathematics, in the fields of differential geometry and algebraic geometry, the Enneper surface is a self-intersecting surface that can be geometrically defined as the envelope of the mediatrix planes of two points located on two homofocal parabolas. \nIt was introduced by Alfred Enneper 1864 in connection with minimal surface theory.","image":"https://ipfs.pixura.io/ipfs/QmRy6P5i4WeUkVqqAYjkiv4KGCEzj1ac6DDkrVnaTtSZGZ/math3.gif","media":{"uri":"https://ipfs.pixura.io/ipfs/QmRy6P5i4WeUkVqqAYjkiv4KGCEzj1ac6DDkrVnaTtSZGZ/math3.gif","dimensions":"1000x1000","size":"36394549","mimeType":"image/gif"},"tags":["cryptoart","ethart","ennepersurface","bitcoinart","mathart","eburgami"]}