{"name":"H U E S H I F T","createdBy":"T̶e̷n̷s̷t̸r̶i̷i̶p̸","yearCreated":"2020","description":"Composited using AI and complex image manipulation techniques using stills from video generated by realtime shaders, complex geometries, and dynamic lighting.","image":"https://ipfs.pixura.io/ipfs/Qmeyjb7fXYJM3tCTyALXPeNiPgb7fXzTTfcUDmcFzZXcpG/BIKEDAY1.png","media":{"uri":"https://ipfs.pixura.io/ipfs/Qmeyjb7fXYJM3tCTyALXPeNiPgb7fXzTTfcUDmcFzZXcpG/BIKEDAY1.png","dimensions":"3487x4650","size":"30360844","mimeType":"image/png"},"tags":["ai","data","digital","electromineralism","glitch","glsl","psychedelic","shader","video","visionary"]}