{"name":"Energy Exchange","createdBy":"Trippyogi","yearCreated":"2016","description":"Our inner light-being activates when the heart and mind sing in unison, opening a gateway to the unknown. With the two in alignment, there is an exchange that takes place, allowing energy to flow in all directions. This transaction opens a portal to new dimensions, powered by the frequencies of peace and love. When listening to the heart, the mind ceases to project its illusory images into being. It simply rests at ease, allowing us to be a conduit for the beauty of the cosmos.","image":"https://ipfs.pixura.io/ipfs/QmY8N1NsA3GPyPRV5VZnFydM4Cr5xN4D1UVZasirvddv8H/EnergyExchange_Still1080.png","media":{"uri":"https://ipfs.pixura.io/ipfs/QmWStriN5AP7GV7ddgMnBZDqY66WKpoPuKxLqMVSoQF7Y1/EnergyExchange.mp4","dimensions":"2160x2160","size":"23412474","mimeType":"video/mp4"},"tags":["crystals","universe","cosmos","flying","portal","metaphysical","quantum","energy","meditation","consciousness","trippy","awakening","animation"]}