{"name":"Eye of Leo","createdBy":"Anton Dee","yearCreated":"2020","description":"Remixing 360 footage along with mobile glitchlab experiments. The final piece is an abstract study of topography and psychedelic cities.","image":"https://ipfs.pixura.io/ipfs/QmY9ydKbJkcKAEQoKdxRxSqJsSrRKCoVhSuPDWqtEkV8zV/200428_154311_Glitch.00_00_06_19.Still002.png","media":{"uri":"https://ipfs.pixura.io/ipfs/QmXNxsYZBpaSjdoyJLyAjYjFF878mtXiHsR9Uj7aqRzwtr/EyeofLeo.mp4","dimensions":"1014x1800","size":"36222190","mimeType":"video/mp4"},"tags":["psychedelic","time","displacement","map","kaleidoscope","eth","ethereum","21e8"]}