{"name":"The Longest Wait. ","createdBy":"reviiser","yearCreated":"2020","description":"Pen/Ink/Watercolor ----- The discs which haunt the skies of Earth indicate that the unconscious cannot be kept waiting forever. These things are going to have to be dealt with. - Terence McKenna\n","image":"https://ipfs.pixura.io/ipfs/Qmf1TANrXjd3juqi1SytFFM3qjp2nziFS92JEXRWYeFkSH/creativeblock.jpg","media":{"uri":"https://ipfs.pixura.io/ipfs/Qmf1TANrXjd3juqi1SytFFM3qjp2nziFS92JEXRWYeFkSH/creativeblock.jpg","dimensions":"3024x3508","size":"10919024","mimeType":"image/jpeg"},"tags":["estes","reviiser","wait"]}