{"name":"Emoji Bath Lagoon","createdBy":"Ambiguous","yearCreated":"2020","description":"Too much non digital emotion in your life? Head over to the emoji lagoon where you can get your digital emote fix in a jiffy. It's hard dealing with the emotional ambiguities of real life expression, but at the emoji lagoon you don't have to worry about that. We steep you in a nice pre-determined expression broth till you're fermented with feels.","image":"https://ipfs.pixura.io/ipfs/QmYvjp3J75PS2HSWDETwbikkhkdusGGiHavM825B54hj8N/ScreenShot2020-05-01at2.49.04PM.png","media":{"uri":"https://ipfs.pixura.io/ipfs/QmbZ16X7y2qMHVJHKS946mCTZeqTkGXbG2LCrGiTqzwzuT/BatheSR.mp4","dimensions":"1920x1080","size":"48994639","mimeType":"video/mp4"},"tags":["Emoji","Lagoon","Nature","Particles"]}