{"name":"H2R01052020","createdBy":"H2Random","yearCreated":"2020","description":"The trust in the nature of a surprise outcome and the beauty of this.\n64 frames 1050 × 1050 px 8 frames/second ","image":"https://ipfs.pixura.io/ipfs/Qmd5thpoQQo4GCUM2yLVP54JmD9ttEZRhzquqp66ut9ovy/h2r01052020-777x21.gif","media":{"uri":"https://ipfs.pixura.io/ipfs/Qmd5thpoQQo4GCUM2yLVP54JmD9ttEZRhzquqp66ut9ovy/h2r01052020-777x21.gif","dimensions":"1050x1050","size":"1037834","mimeType":"image/gif"},"tags":["777","symmetry","asymmetry","8fps","abstract","animation","gif","chaos","blackandwhite","digital","flow","vertical","fluxus","geometry","graphic","binary","grid","h2r20","h2random","square","pixel","inspiration","loop","metamodernism","luck","random","order","uraban","industrial","techno","nature"]}