{"name":"feT͟Hər","createdBy":"Matthew Thurston","yearCreated":"2020","description":"\"Electrical science has revealed to us the true nature of light, has provided us with innumerable appliances and instruments of precision, and has thereby vastly added to the exactness of our knowledge.\"\n\n-Nikola Tesla","image":"https://ipfs.pixura.io/ipfs/QmUB436fQhnQk3aLHov4VUJLdPz7mZ8wXVpwA4UKdruJnR/feTHr.jpg","media":{"uri":"https://ipfs.pixura.io/ipfs/QmUB436fQhnQk3aLHov4VUJLdPz7mZ8wXVpwA4UKdruJnR/feTHr.jpg","dimensions":"4000x5200","size":"4325309","mimeType":"image/jpeg"},"tags":["Tesla","feTHr","Feather","Animatttic","Science","Bubble","Gold","Red"]}