{"name":"HELLO HELIX","createdBy":"MrY","yearCreated":"2020","description":"HELLO HELIX is a charity artwork for 3x21.at a learning center for children with trisomie21. Tokenized on 05052020, the #GivingTuesdayNow, a global generosity movement unleashing the power of people.\n\n100% of the funds that this artwork is sold for gona be donated to 3x21.at.\n\nONE MORE VERY SPECIAL THING: the new owner of this digital artwork, will also recieve a real, handmade, resin necklace with this DNA HELIX, created by MrY.","image":"https://ipfs.pixura.io/ipfs/Qmf3pr9W19YXRp5thinaayknsLpBbfdb7hDmnSbPyghKBQ/DNA.jpg","media":{"uri":"https://ipfs.pixura.io/ipfs/QmQhzieRQw7VXhfU1DnuFEWPYMUaUAgfKqpcPDgjhJ9Xp6/3x21.mp4","dimensions":"1400x2000","size":"7727827","mimeType":"video/mp4"},"tags":["Charity","DNA","ARTWORK"]}