{"name":"Wazil The Appraiser (The Supreme HODLers #5)","createdBy":"pbock","yearCreated":"2020","description":"\"Xazil The Appraiser is one of the Supreme HODLers. It finds joy only in the appraisal and determination of a new crypto-gem or token-jewels true value. all such new gems and jewels are brought to him directly from the mines of the Askian Mountains, so that he might determine their true value from facts and figures, which are infinitely more stable and valuable than the simple-minded FOMO and FUD that is held so dear by the Corrupted Ones.\"\n\n-------------------\n\nThe fifth piece in my \"Supreme HODLers\" series, which started out in the CrystalCraft gallery on Bitcoins Counterparty Protocol layer, where the very first NFTs were born, and later spread along with me to both KnownOrigins and SuperRare here on the Ethereum chain.","image":"https://ipfs.pixura.io/ipfs/QmX9KK3fVQLtMgPZrTcJjcfWSNV4eiNhqC6NPSUnvUdLXh/XazilTheAppraiser_noncanvas.gif","media":{"uri":"https://ipfs.pixura.io/ipfs/QmX9KK3fVQLtMgPZrTcJjcfWSNV4eiNhqC6NPSUnvUdLXh/XazilTheAppraiser_noncanvas.gif","dimensions":"1500x2035","size":"2155455","mimeType":"image/gif"},"tags":["The_Supreme_HODLers","ETH","XCP","BTC","cross_chain_series","HODLer_Of_Facts"]}