{"name":"BITCOIN BITCH (DOUBLE DIGITS)","createdBy":"miss al simpson","yearCreated":"2020","description":"The Bitcoin Bitch is feeling bullish. She is hodling for the Bitcoin Halving. She predicts Double Digits... ","image":"https://ipfs.pixura.io/ipfs/QmWTKqbNNECyxZ8rGfmjFvn1yTWgFjZjT2aeKRMBcrKHYc/BITCOINBITCHDOUBLEDIGITS.jpg","media":{"uri":"https://ipfs.pixura.io/ipfs/QmWTKqbNNECyxZ8rGfmjFvn1yTWgFjZjT2aeKRMBcrKHYc/BITCOINBITCHDOUBLEDIGITS.jpg","dimensions":"4961x6499","size":"18934724","mimeType":"image/jpeg"},"tags":["BITCOINBITCH","BITCOIN","BITCOINHALVING"]}